age;job;debtinc;creddebt;othdebt;default
28;working - other;17,7;2,990592;4,797408;0
64;working - production;14,7;5,047392;12,004608;0
40;working - IT;4,8;1,042368;1,885632;0
30;working - IT;34,5;1,75122;7,56378;0
25;working - IT;22,4;0,75936;5,96064;1
35;working - IT;10,9;1,462126;2,679874;1
26;own business;11,9;0,954142;3,567858;1
25;working - IT;14,4;1,04544;3,27456;0
65;civil service;5;3,3642;6,0858;0
21;own business;3,9;0,305877;0,591123;0
62;working - IT;17,5;6,6864;10,1136;0
30;civil service;10,6;2,389452;1,744548;1
38;working - production;19,1;9,520968;14,163032;0
18;working - other;3,9;0,17472;1,19028;0
53;working - IT;13,3;2,333884;3,119116;0
18;working - other;7,4;0,82806;0,28194;1
18;working - other;15,7;1,837528;6,954472;1
19;working - IT;0,3;0,024552;0,068448;1
19;working - other;5,8;0,586612;0,921388;1
56;working - other;8,5;2,900625;7,724375;0
21;working - other;7,6;1,52;1,52;1
25;working - IT;8,3;0,948939;2,122061;0
47;own business;6,1;0,359351;2,263649;0
40;civil service;13,3;10,41124;3,28776;1
41;working - other;3,4;0,896784;1,007216;0
23;civil service;6,4;0,294528;7,257472;0
45;working - production;15,4;2,36698;6,56502;1
37;own business;5;1,30325;1,94675;0
47;working - other;11,7;0,839592;4,542408;0
23;civil service;6,7;1,584282;1,229718;0
18;working - other;5,2;0,31616;0,67184;1
19;working - other;2;0,27636;0,14364;1
41;working - IT;10,6;0,14628;2,29172;1
42;working - other;5,2;0,723216;3,228784;1
29;civil service;3;0,6696;0,6804;0
24;civil service;8,4;0,788676;2,655324;0
45;working - production;10,2;3,52512;1,37088;0
39;civil service;7,2;1,547784;17,100216;0
40;working - other;10,6;0,819168;4,056832;0
21;own business;17,6;1,373328;1,618672;1
55;own business;9,9;0,72765;14,12235;0
29;working - other;3,3;0,19866;0,95634;1
22;own business;5,2;0,2808;0,9672;1
58;civil service;6,8;2,29908;2,46092;0
53;working - other;6,1;1,06262;3,02438;0
31;own business;6,8;0,4301;1,2699;0
26;working - IT;6,9;0,165048;1,421952;0
23;civil service;19,2;1,72032;3,65568;1
25;working - other;28,6;2,33662;3,09738;1
52;own business;4,5;2,12058;4,76442;0
25;own business;9,7;0,132405;3,262595;1
22;civil service;22,8;1,314648;5,753352;1
38;own business;26,4;3,77916;5,46084;0
42;working - other;9,7;0,556101;4,196899;0
52;working - IT;9,8;1,400616;2,127384;0
30;working - IT;3;0,07236;0,46764;1
59;civil service;3,4;2,492064;2,403936;0
34;own business;5,6;0,744128;1,719872;0
33;working - IT;9,1;0,9464;3,7856;1
26;own business;8,2;0,54243;1,17957;0
25;own business;11,9;1,2376;1,8564;1
19;working - other;21,2;3,427616;5,688384;1
41;working - production;5,2;1,635036;0,808964;0
36;working - other;9,3;0,735723;1,775277;1
20;working - other;10,2;0,552636;1,589364;0
35;working - other;2,5;0,44655;0,20345;0
33;civil service;1,2;0,226848;0,181152;0
38;civil service;2;0,09546;0,64454;0
40;working - other;6,6;1,577664;0,798336;1
39;working - other;17,4;3,70968;10,55832;0
18;working - other;8,2;0,150552;0,833448;1
66;working - IT;13,1;7,788081;11,730919;0
43;working - other;6,6;0,5016;2,1384;0
39;civil service;6,5;0,49933;2,49067;0
27;own business;10,5;0,99225;1,84275;0
47;own business;8,8;5,733816;4,034184;0
25;working - IT;23,5;0,34075;5,53425;1
57;own business;20,8;2,495376;6,448624;1
69;working - IT;18,6;1,27224;9,88776;0
20;own business;4,2;0,536844;0,387156;1
42;working - IT;6,1;2,013;1,647;0
33;working - other;5,7;0,82593;3,16407;0
41;working - other;4,2;0,473802;0,744198;0
35;own business;4,7;0,546516;1,145484;0
46;own business;6,7;2,893596;5,280404;0
24;civil service;4,2;0,44226;0,69174;0
34;own business;30,3;3,921729;9,107271;1
36;working - other;18,9;3,17709;4,57191;0
19;working - IT;15,1;0,793656;1,924344;1
29;working - production;1,3;0,281775;0,381225;0
44;working - other;8,4;1,769292;3,186708;0
19;working - other;11,7;0,822276;2,453724;0
39;working - IT;3,7;0,476412;0,596588;0
30;civil service;2,9;1,970028;4,467972;0
72;working - other;9,2;4,713896;12,490104;0
18;working - other;7;0,8085;1,2915;1
28;own business;8,5;0,459;2,091;0
24;working - IT;10;1,2933;1,4067;0
33;working - other;12,1;0,1089;5,3361;0
34;civil service;4,7;1,513776;4,690224;0
46;civil service;2,5;0,351575;0,673425;0
36;working - other;12,2;5,422656;6,289344;0
45;working - IT;28,6;10,72643;7,86357;1
59;working - IT;8,5;8,32524;4,76476;0
35;working - other;12,9;4,2828;6,0372;1
62;civil service;15;5,39865;52,65135;0
29;civil service;4,5;0,82422;0,88578;1
56;own business;1,4;0,458248;1,879752;0
24;working - other;21,5;3,966105;4,418895;1
32;own business;13,9;1,51371;4,74129;1
25;working - other;5,9;0,636492;1,074508;0
37;working - IT;1,2;0,112068;0,283932;0
27;own business;23,5;0,81592;5,76408;0
56;working - other;11,4;6,76704;11,47296;0
31;working - other;34,4;9,484768;11,499232;1
59;working - IT;6,8;1,614048;4,233952;0
65;own business;4,2;2,984184;4,827816;0
26;working - IT;16,9;3,092531;1,808469;1
27;own business;24,9;5,231988;11,700012;1
30;working - IT;15,5;0,13299;3,27701;1
43;working - IT;1,2;0,340992;0,811008;0
30;civil service;14,1;2,833536;6,190464;0
18;working - other;14;0,56392;2,09608;1
24;own business;14;0,06468;4,55532;0
31;civil service;4,5;0,06552;1,19448;0
25;working - IT;3,1;0,373829;0,587171;0
24;civil service;1,2;0,061632;0,514368;1
26;own business;3,1;0,348688;0,798312;0
33;working - other;16,2;2,878092;5,869908;1
44;civil service;4,2;1,416576;4,295424;0
18;working - other;6;0,4032;0,5568;0
29;own business;15,5;0,38998;4,88002;1
21;own business;16,5;1,1583;3,2967;0
41;working - other;4,1;0,81918;1,39482;0
40;civil service;7,9;6,336274;12,465726;0
37;working - IT;14,5;0,71253;2,33247;0
24;working - IT;13,2;1,919808;2,832192;0
24;civil service;2,9;0,184266;0,337734;0
18;working - other;2,9;0,561875;0,163125;0
30;civil service;7;3,458;3,192;0
36;working - IT;13,2;0,33264;5,60736;0
34;working - IT;11,4;2,71206;1,73394;0
63;own business;5,6;0,886144;4,265856;0
56;working - production;2,8;2,104704;4,391296;0
41;working - other;28,3;4,52234;14,72166;1
23;civil service;3;0,62646;0,96354;1
25;working - production;14,6;1,452992;3,219008;1
22;working - IT;3,2;0,1584;0,5456;0
58;working - other;6,4;0,277248;7,018752;0
31;own business;2,7;0,72981;0,70119;0
47;working - other;8,7;1,30848;2,17152;1
55;working - other;17,5;2,5578;8,4672;0
39;working - other;9,2;2,07552;3,44448;0
27;working - production;4,3;0,41925;0,87075;0
30;own business;21,6;5,5728;7,3872;1
35;working - other;7,6;0,819584;1,612416;0
30;civil service;9,2;0,88872;1,87128;0
19;working - other;8,8;1,107128;0,916872;0
38;civil service;16,5;1,34211;14,82789;0
20;working - other;8;0,78432;0,73568;0
43;working - other;10,8;2,17404;4,41396;0
25;working - other;9,9;1,3959;1,0791;0
41;working - IT;10,2;1,365984;2,306016;1
37;own business;6,7;0,680184;1,731816;0
22;working - IT;3,7;0,135235;0,493765;1
23;working - other;17,6;2,128896;2,623104;1
45;civil service;9,9;1,14048;4,79952;1
19;working - IT;8,8;0,54736;1,21264;0
26;working - other;13,6;0,128248;2,999752;0
25;civil service;22,3;1,676514;3,006486;1
49;civil service;11,2;1,862112;3,849888;0
76;working - IT;5,6;0,136864;1,319136;0
28;own business;5,2;0,501696;0,330304;0
37;working - IT;4,8;0,44064;1,28736;0
41;working - IT;5,6;0,248472;1,375528;0
30;working - other;2,4;0,267648;1,364352;0
39;own business;14;7,2072;3,7128;1
25;own business;3,4;0,187986;0,458014;0
26;working - production;7,7;0,67298;0,79002;0
24;working - IT;6,6;0,262416;1,585584;0
61;working - IT;18,4;4,010832;3,717168;0
26;working - other;10,6;2,569864;1,458136;0
18;working - other;9,2;1,250832;2,797168;0
41;working - other;6,3;6,215454;5,691546;0
49;own business;6,1;0,33184;3,57216;0
18;working - IT;3,9;0,3705;0,4095;0
18;working - other;6,5;0,30108;1,25892;0
52;civil service;7,1;2,276544;4,539456;1
32;working - other;9,4;1,1844;1,6356;0
27;working - other;9,1;2,186184;1,635816;1
23;own business;17,8;2,729274;7,416726;1
29;civil service;8,1;0,290628;3,435372;0
73;working - other;4,1;3,10985;13,70015;0
31;civil service;4,6;0,226688;0,785312;0
19;working - other;9,1;0,86632;1,68168;1
57;working - other;4,3;0,558441;1,118559;0
18;working - other;1,5;0,061845;0,223155;0
22;working - IT;8,9;0,488699;1,202301;0
21;working - other;4,3;0,17544;1,11456;0
33;own business;9,5;1,6074;4,0926;0
21;own business;23,4;1,96677;7,62723;1
42;own business;11,3;2,541483;4,577517;0
32;own business;11,5;1,0488;3,3212;0
33;civil service;13,4;7,04907;7,02093;1
73;working - IT;8,4;7,841148;16,434852;0
61;civil service;8,9;1,701324;5,507676;0
38;working - production;6,7;3,943151;11,399849;0
46;own business;22,2;3,32667;6,66333;1
20;own business;7,2;0,34272;1,09728;1
19;working - other;15,6;0,7488;2,9952;1
28;civil service;18,6;6,705114;2,036886;1
24;civil service;6,6;0,57519;0,81081;1
53;working - IT;8,8;0,4092;2,2308;0
35;working - other;8,2;0,604996;4,479004;0
43;working - other;3,7;0,853035;1,107965;0
32;working - IT;8,1;1,154736;1,518264;0
27;working - IT;5,7;0,110124;1,485876;0
18;working - other;1,5;0,13332;0,19668;0
19;working - other;28,7;5,364891;3,532109;1
18;working - other;6,2;1,051272;1,180728;1
54;working - other;20;4,346;12,054;0
43;own business;2,4;0,284952;0,459048;0
50;working - other;12,6;3,04668;5,14332;0
26;working - IT;8,8;0,780208;1,947792;0
35;working - other;6;1,28934;2,13066;0
47;working - other;4,4;0,526592;0,969408;0
31;working - production;15,9;0,93651;2,08449;0
40;own business;12,4;1,4787;5,0933;0
56;civil service;27,9;15,288084;42,185916;1
34;civil service;7,6;0,38304;5,08896;0
18;working - other;12,7;0,646938;1,639062;1
46;working - other;6,9;2,74482;2,63718;0
31;working - other;3,1;0,431055;0,963945;0
25;working - other;2,1;0,145488;0,190512;0
79;working - IT;8,2;15,07898;25,67502;0
43;own business;11,5;6,325;8,05;0
26;working - IT;22,1;0,616148;8,444852;0
26;own business;12,5;1,593;2,907;0
18;working - IT;17;1,75168;3,00832;1
30;working - other;7,4;0,2627;1,5873;0
47;own business;5,2;0,897;2,691;0
18;working - other;12,4;1,1284;3,2116;0
30;working - IT;4,6;0,335616;1,412384;0
21;own business;6,7;1,291425;0,383575;1
33;civil service;15,3;6,572727;11,634273;1
36;working - other;4,9;0,256564;1,115436;0
26;working - other;17,7;5,37726;3,29574;1
20;own business;1,3;0,180999;0,092001;1
56;working - other;1,2;0,1824;0,7296;0
42;civil service;11,6;3,33268;11,74732;1
23;civil service;8,9;0,623267;3,559733;0
32;own business;7,9;2,201256;4,592744;0
20;own business;10,6;2,53446;0,64554;1
19;working - other;12;0,34524;2,17476;0
26;working - other;11,1;1,694082;1,191918;1
19;working - other;0,1;0,00894;0,01106;1
59;own business;0,3;0,104958;0,201042;0
21;own business;8,3;0,45318;0,62582;1
39;civil service;27,4;13,410656;28,237344;1
18;working - other;3,3;0,110088;0,285912;1
20;working - other;7,5;0,3648;2,4852;0
33;civil service;4,2;0,194166;0,771834;1
19;working - IT;3,4;0,306816;0,237184;1
29;own business;16,8;5,63472;3,10128;0
70;own business;14,8;0,56166;23,85834;0
44;working - IT;9;4,37751;3,99249;0
40;working - other;11,9;4,942665;8,980335;0
21;working - other;7,4;0,258704;1,443296;1
43;working - other;9,7;1,317648;3,338352;0
27;working - other;4,2;0,537432;0,638568;0
21;own business;10,4;1,537536;0,646464;0
29;working - other;14,1;1,681425;4,663575;1
41;working - other;7,9;0,30968;2,85032;0
28;civil service;7;0,462;1,638;0
48;working - other;6,9;2,263821;0,703179;1
25;working - production;2,8;0,903672;0,944328;0
41;working - other;7;2,8861;1,4539;1
22;working - other;16,1;0,795984;3,068016;0
47;own business;11,8;2,273152;2,800848;0
18;working - other;5,3;0,594024;0,677976;0
28;working - production;8,6;0,2795;4,0205;0
41;working - other;5,8;0,345506;1,800494;0
31;working - other;10,3;0,856548;3,469452;1
19;working - other;14,3;1,219218;1,783782;0
31;own business;2;0,17416;0,38584;0
18;working - other;21,8;1,44207;3,13593;1
39;working - other;4,2;0,719082;0,918918;0
20;working - other;7,3;0,572101;0,668899;1
31;civil service;6,8;1,118124;0,853876;0
23;working - IT;5,5;0,674245;1,580755;0
25;own business;20,6;3,500764;8,447236;0
29;civil service;2,9;0,53157;0,83143;0
38;own business;20,2;6,758112;20,713888;1
39;working - IT;0,1;0,026896;0,014104;0
28;civil service;15,5;0,3038;2,7962;1
40;own business;6,1;0,917928;1,400072;0
46;own business;2,3;0,413448;0,874552;0
61;working - IT;10,9;4,123361;18,657639;0
49;civil service;4,8;0,943488;7,792512;0
71;working - other;11,6;6,032812;9,163188;0
20;working - IT;2,7;0,20088;0,33912;1
20;own business;11,3;1,96168;0,29832;1
18;working - other;5,6;0,898072;0,725928;0
32;working - production;9;1,85319;3,45681;0
42;own business;13,6;1,463088;1,528912;1
43;own business;4,5;1,808325;0,756675;0
27;working - IT;10;1,1997;3,1003;0
23;working - other;2,7;0,79299;0,98901;0
21;working - other;13,1;1,314192;3,008808;1
49;own business;13,9;8,05644;4,45356;0
49;working - other;12,8;1,559424;10,344576;0
19;working - other;9,7;1,347136;1,368864;1
24;civil service;11;0,71841;1,59159;1
23;civil service;12,8;2,29632;1,54368;1
43;own business;9,9;1,777842;6,340158;0
28;working - other;5,4;0,165132;1,022868;0
26;civil service;14,4;1,89216;3,29184;1
40;civil service;12,4;0,646536;3,445464;0
47;working - IT;8,9;1,374516;8,237484;0
19;working - other;16,8;1,637328;2,058672;1
71;working - IT;11,5;2,58267;3,97233;0
72;civil service;12,6;2,11554;16,28046;0
45;working - other;2,8;0,384076;0,819924;0
20;own business;17;1,93256;2,99744;1
42;working - other;7,8;1,019148;2,646852;0
33;civil service;13,3;0,87248;4,44752;0
42;working - other;20,4;5,307876;7,544124;0
20;own business;10,4;0,93184;1,98016;1
20;own business;4,5;0,34542;0,50958;0
20;own business;13,5;0,5913;2,1087;0
34;own business;11,9;3,366272;4,725728;0
39;working - IT;9,5;1,031415;3,433585;0
42;working - IT;3,6;0,387144;0,980856;1
61;working - IT;10,4;0,69524;2,94476;0
30;civil service;2,9;0,640378;1,128622;1
39;civil service;6,2;1,789568;3,294432;0
26;own business;10,8;1,1286;1,5714;0
62;own business;7,3;1,3797;6,5043;0
48;working - other;30;11,6397;12,6603;1
39;own business;3,3;2,553705;2,891295;0
51;working - IT;9,6;4,245696;18,218304;0
31;own business;6,9;0,658674;2,308326;0
45;own business;5;4,5331;9,7669;0
44;civil service;10,6;7,78888;9,91312;1
28;working - other;3,2;0,089856;1,062144;0
36;own business;11,1;1,570095;2,980905;1
38;working - production;10,7;2,40108;4,66092;1
61;working - other;22,2;6,041952;17,934048;0
66;own business;7,7;1,202432;3,494568;1
24;working - other;10,4;0,699608;2,524392;0
45;working - IT;9,8;1,59544;2,71656;0
47;working - production;15,4;1,712634;3,369366;0
19;working - other;3,9;0,68055;0,29445;1
28;working - other;23,6;0,73632;5,39968;1
40;civil service;10;1,085;2,415;1
25;civil service;14,2;0,456246;3,377754;0
64;working - IT;20,3;2,012136;9,355864;0
40;own business;15,5;3,51819;8,57181;0
37;working - production;1,8;0,25434;1,36566;0
56;working - other;3,9;6,682104;2,521896;0
33;own business;28,8;7,93152;21,44448;1
66;own business;6,7;2,285504;4,682496;0
18;working - other;9,9;1,047816;1,724184;0
52;own business;3,9;2,2113;2,0007;0
46;working - IT;8,2;0,495444;2,620556;1
51;working - other;4,9;0,340746;0,590254;0
34;working - other;9,1;1,3104;2,7846;0
19;working - other;6,3;0,259686;0,874314;0
52;working - IT;9;1,0584;6,1416;0
24;working - IT;23,6;0,465392;6,378608;0
35;civil service;16,1;3,17814;4,38886;1
29;civil service;15,1;2,6727;4,8773;1
47;working - other;7;1,97568;1,38432;0
26;own business;0,8;0,1324;0,2676;0
27;civil service;11,4;2,158932;1,717068;0
19;working - other;6,7;0,890028;1,521972;0
51;working - other;4,1;1,752586;3,741414;0
46;working - IT;15,7;8,308754;6,449246;1
23;own business;13,6;2,04;2,04;1
19;working - other;5,6;0,15568;0,96432;1
23;working - other;17,8;0,927558;3,878442;1
30;civil service;8,5;1,07848;0,28152;1
21;own business;6,8;0,90916;1,47084;1
20;own business;5,8;0,76125;1,26875;0
23;civil service;1,1;0,10494;0,29106;0
46;own business;12,1;0,545589;2,721411;0
43;working - other;7,3;4,2048;8,9352;0
27;working - other;5,2;0,496496;0,959504;0
45;working - IT;22,1;2,594982;5,803018;1
22;own business;9,8;0,246078;2,399922;0
41;working - other;14,2;3,7204;3,3796;1
52;working - IT;17,5;3,438925;4,086075;0
53;working - other;15,9;12,37179;27,53721;0
20;own business;7,7;1,14345;2,32155;1
30;working - production;1,5;0,79596;0,68904;0
68;working - other;12,5;1,0505;1,6995;0
31;civil service;3,8;1,11397;0,44403;0
54;working - other;6,7;0,173664;1,970336;0
26;own business;7,6;1,394904;1,493096;1
32;working - other;8,2;0,295118;4,706882;0
27;working - other;15,1;0,836842;4,297158;0
60;own business;22,3;3,25134;10,12866;0
47;working - other;3,5;0,61915;1,41085;0
47;working - other;15,2;2,9298;8,4702;0
69;civil service;13,5;1,03275;9,09225;1
45;working - other;5,4;0,1296;1,5984;0
29;own business;6,8;1,41236;0,69564;0
29;own business;7,9;0,931568;4,361432;0
27;working - IT;5,1;0,578952;1,104048;0
44;working - IT;18,4;2,920632;3,887368;0
21;own business;17,1;6,90327;2,50173;1
26;own business;15;2,3814;1,8186;0
56;own business;11,2;23,310336;19,697664;1
38;civil service;3,9;1,015014;2,533986;1
42;civil service;10,3;0,294786;5,267214;0
43;own business;11;1,71985;4,77015;1
37;working - other;10,6;3,885324;9,152676;0
64;own business;29,9;35,97269;31,90031;1
39;working - other;7,5;0,1995;2,6505;0
21;working - other;20,3;0,41412;3,64588;0
30;civil service;2,6;0,70122;0,91078;0
52;working - other;15,4;4,080384;7,007616;0
40;civil service;8;1,49296;3,46704;1
23;working - other;2,5;0,174375;0,450625;0
40;working - other;3,4;0,175168;0,912832;0
19;working - other;3;0,21312;0,89688;0
22;civil service;3,3;0,277992;0,910008;0
50;working - IT;18,4;7,236536;5,091464;1
36;working - production;8,2;3,098616;2,395384;0
47;own business;0,9;0,083916;0,240084;0
19;working - other;1,8;0,4851;0,4149;0
32;own business;3,2;0,85344;1,38656;1
20;own business;8,5;1,11248;1,60752;0
20;working - other;4;0,39104;0,64896;1
22;civil service;7,6;0,197904;2,158096;0
23;civil service;10,7;0,611505;4,203495;1
62;working - other;11,3;0,94468;3,34932;0
29;working - other;6,7;1,072536;3,550464;0
34;working - IT;6,4;0,525888;1,586112;0
18;working - other;6,2;0,61845;0,93155;1
23;own business;14,6;2,936936;3,925064;1
35;working - IT;8,5;1,98679;3,28321;1
30;own business;6,2;0,860436;0,813564;0
36;own business;11,2;8,484672;4,731328;1
18;working - other;2,4;0,22176;0,45024;1
26;working - other;40,7;5,4945;6,7155;1
18;working - other;8,2;0,836154;1,869846;1
31;working - other;26,9;3,514754;9,128246;0
33;own business;3,8;0,407284;1,340716;0
20;working - IT;18,8;1,19192;2,56808;1
22;civil service;10,7;1,667916;2,184084;1
22;working - other;11,1;1,84815;3,14685;0
22;working - IT;4,4;0,531168;0,524832;0
26;civil service;14,3;8,54282;6,18618;1
34;working - IT;5,4;1,653696;3,530304;0
30;working - IT;15,3;0,944622;5,481378;0
40;own business;23,5;1,905615;10,549385;1
21;working - other;14,1;3,377091;2,685909;1
20;working - other;18;3,06936;1,97064;1
18;working - other;14,5;0,3335;2,5665;0
53;working - other;2,7;1,006587;2,476413;0
70;working - other;9,3;3,011712;5,544288;0
26;working - production;4,4;0,94864;1,20736;0
43;working - other;18,1;8,163281;13,375719;1
38;own business;3,9;0,863226;0,462774;0
31;working - other;0,7;0,12663;0,18837;0
24;civil service;1,2;0,04242;0,37758;1
44;civil service;4,7;3,497646;11,260354;0
62;working - production;5,9;6,59856;34,64244;0
52;own business;5,1;8,323965;12,229035;0
33;civil service;1,2;0,25536;0,22464;0
26;civil service;2;0,32604;0,45396;0
34;working - other;5,5;0,70334;1,82666;0
54;civil service;9,6;1,983168;4,352832;0
61;working - IT;33;3,42375;4,82625;1
44;working - production;4,8;1,022112;3,345888;1
22;working - other;9,8;0,312032;1,255968;1
19;working - IT;7,1;0,484575;1,006425;0
20;working - other;8,9;0,504452;1,809548;0
35;civil service;0,5;0,10846;0,11154;0
24;civil service;4;0,70448;0,41552;0
30;working - production;7,4;0,632478;1,809522;0
21;working - IT;24;2,19936;4,76064;0
45;civil service;4,1;1,507734;1,813266;0
38;working - production;1,2;0,589248;0,202752;0
21;working - other;8,5;0,896325;2,248675;0
45;civil service;36,8;10,185504;5,270496;1
40;working - IT;11;5,05626;10,45374;0
22;civil service;7,5;1,85925;3,69075;1
56;working - other;2,3;3,878375;7,046625;0
37;working - other;2,9;0,110577;1,078423;0
29;working - other;9,3;1,765512;2,140488;0
37;civil service;8,3;2,01275;6,03825;0
20;working - IT;17,9;0,52626;3,23274;1
30;own business;9,7;0,51216;1,42784;1
26;civil service;17,9;3,015792;3,428208;1
18;working - other;3,6;1,213164;0,478836;0
31;working - IT;4,2;0,559062;0,574938;0
44;own business;16,3;2,459996;5,527004;1
19;working - other;12,5;0,936;2,064;1
77;working - production;10,6;1,371216;1,596784;0
37;civil service;14,9;5,899059;6,467941;1
35;civil service;6,1;1,703181;5,799819;0
24;civil service;13;3,97696;4,34304;1
31;civil service;7,9;2,493398;0,903602;0
59;civil service;27,9;16,408548;32,137452;1
18;working - other;4,1;0,169371;0,937629;1
29;working - other;21,1;1,65424;5,73076;1
38;civil service;31,3;2,214475;5,610525;1
27;own business;2;0,0416;0,4784;1
49;working - other;3;0,735;0,315;0
24;own business;14,8;0,796536;2,607464;1
27;civil service;16,2;1,388016;4,443984;1
26;working - other;14,5;0,55796;3,21204;0
32;civil service;3,1;0,592999;0,554001;1
53;working - production;4,1;0,949314;1,141686;0
19;working - other;14,1;1,035504;1,361496;1
18;working - other;6,4;0,3952;0,8208;1
19;working - other;7,9;1,104894;0,554106;1
51;working - other;21,5;7,30656;13,33344;0
30;working - production;16,9;2,21728;4,54272;1
63;working - IT;13,5;1,82817;6,40683;0
30;civil service;29,8;7,048296;14,705704;1
27;civil service;4,5;0,57663;1,35837;0
42;working - other;13,1;1,060576;4,965424;0
24;civil service;13,5;2,38194;3,55806;1
20;working - other;23,6;3,539056;1,888944;1
28;own business;6,2;0,57288;0,66712;0
25;working - other;5;0,27945;0,87055;0
24;civil service;5;0,8722;1,5778;1
36;own business;5,7;0,294576;4,037424;0
44;working - other;22;2,112;8,888;0
23;own business;15,8;1,12338;5,98662;0
32;own business;3,3;0,236808;0,621192;0
32;working - other;14,9;5,812192;2,084808;1
35;civil service;7;0,5586;4,7614;0
30;own business;14,3;2,255968;2,606032;1
30;working - IT;9,6;0,82944;2,62656;1
31;working - other;6,5;0,32617;1,36383;0
23;working - IT;17,2;0,90816;1,84384;1
46;working - IT;10,4;3,444792;2,899208;0
59;working - IT;6,7;7,387688;13,248312;0
39;working - production;7;10,45065;2,49935;1
29;working - production;27,1;8,3468;6,5582;1
26;civil service;3,8;0,106134;0,615866;0
34;working - other;6,4;0,269568;1,458432;0
30;working - IT;5,7;1,33665;0,65835;0
23;civil service;9,4;0,839608;1,886392;1
22;civil service;7,7;3,616536;2,235464;0
27;civil service;1,9;0,232484;0,641516;1
30;own business;6,9;0,37191;4,45809;1
23;working - other;9;0,7128;1,2672;0
42;working - production;6,1;0,557906;1,516094;0
29;civil service;15,6;1,48434;7,09566;1
47;working - other;1,7;0,097614;1,024386;0
34;civil service;5,7;1,08243;0,62757;0
31;working - other;12,4;4,135896;2,188104;1
35;civil service;19;3,63527;6,43473;0
19;working - IT;12;0,15372;2,36628;0
30;working - IT;11,4;1,7784;2,7816;1
25;civil service;0,6;0,07119;0,13881;0
38;working - production;8,8;1,6544;1,8656;0
18;working - other;2,8;0,292264;0,659736;0
53;working - other;13,4;2,376088;5,931912;1
31;working - IT;27,3;6,27354;10,10646;1
38;civil service;2,3;4,31687;1,98513;1
19;working - other;2,5;0,03255;0,49245;0
20;working - IT;2,3;0,05589;0,35811;0
21;working - other;9,2;1,048432;0,975568;1
19;working - other;5,5;0,50864;0,42636;0
23;civil service;12,2;2,239188;2,884812;0
65;working - other;7,7;2,812656;0,883344;0
45;working - production;9,6;4,038144;4,409856;0
21;own business;1,5;0,09702;0,23298;0
54;own business;10,5;1,245195;5,789805;0
22;civil service;8;0,63936;1,28064;1
20;own business;14,2;1,86162;1,40438;1
41;working - other;13,1;3,783804;3,814196;0
36;working - other;6,9;1,425609;3,473391;0
33;own business;10,8;3,080052;5,451948;0
23;working - other;3,3;0,21879;0,90321;0
46;own business;5,6;1,112888;5,551112;1
21;own business;6,1;0,07137;0,84363;1
28;civil service;34,8;3,862104;17,713896;1
39;own business;6;0,55476;3,58524;0
54;civil service;12;1,17576;7,10424;0
75;working - IT;7,8;1,786512;2,581488;0
31;civil service;0,4;0,189336;0,086664;0
55;working - other;4,9;3,02967;8,19133;0
20;own business;17,4;0,42282;2,70918;0
39;working - production;15,2;3,077088;3,306912;0
37;own business;8;1,6412;2,7588;0
20;own business;4,3;0,470721;1,292279;0
57;civil service;10;3,6356;11,2644;0
50;working - IT;7,6;3,147768;5,744232;0
33;working - IT;1,6;0,13888;0,30912;0
36;working - IT;7,4;1,960112;1,295888;0
21;working - other;5,7;0,639711;1,013289;0
37;own business;13,6;4,68996;11,76604;0
27;working - production;6,1;0,165432;1,298568;1
28;civil service;9,9;0,931392;10,156608;0
27;own business;13,2;3,72768;1,55232;0
32;own business;4,1;0,477855;1,039145;1
28;working - other;20,5;1,09593;5,66907;1
24;civil service;12,1;2,469005;1,765995;1
20;working - other;3,9;1,065636;0,650364;0
39;civil service;16,5;4,15668;3,59832;0
38;civil service;18,5;1,44855;25,37645;0
65;working - other;2,5;0,3872;8,4128;0
56;working - other;13,9;14,374685;15,510315;0
18;working - other;3,1;1,238667;0,528333;1
20;working - IT;9,5;0,15903;1,55097;0
62;working - IT;13,2;1,72854;1,83546;0
39;working - other;21,2;4,63008;19,11392;1
29;civil service;9,8;4,828068;5,167932;1
30;civil service;3,9;1,2558;0,5382;0
52;own business;2,4;0,389136;2,514864;0
48;working - production;10,6;21,182828;13,373172;1
20;working - IT;3,1;0,893172;0,408828;1
34;civil service;7,5;1,87605;0,59895;1
68;working - IT;7;8,59264;10,58736;0
47;working - IT;14,2;3,396498;3,845502;0
37;working - other;9,3;0,876525;1,820475;0
36;working - other;0,8;0,08652;0,19348;0
30;civil service;8,9;1,437973;8,085027;1
24;working - other;13,7;1,378083;1,498917;0
24;civil service;13,6;3,038784;3,625216;1
31;working - other;4,2;0,714;0,714;1
41;civil service;9,2;2,554656;5,633344;0
19;working - other;24,7;1,228825;4,946175;1
20;own business;1;0,02369;0,20631;0
30;working - other;9,2;2,44582;3,53418;0
42;working - other;19,3;0,250128;13,645872;0
27;working - IT;1;0,06018;0,27982;0
24;civil service;1,6;0,034048;0,573952;0
38;working - other;6,6;1,537008;3,148992;0
24;working - IT;13,6;0,642872;3,301128;0
48;working - other;3,7;0,78736;2,17264;0
49;civil service;2;0,20944;1,33056;0
18;working - other;25,9;2,388498;5,122502;1
64;working - other;2,4;0,082296;0,565704;0
19;working - IT;10,9;0,472406;1,925594;0
49;own business;23,6;2,659248;5,836752;1
29;civil service;6,6;0,507936;1,208064;1
28;working - other;9,4;1,034752;4,981248;1
27;working - other;6,7;0,555296;1,588704;1
24;civil service;8,6;1,204;2,236;0
23;working - IT;12,2;2,22528;2,41072;1
43;working - production;3,1;0,34224;0,58776;0
29;working - production;12,5;2,428875;3,946125;0
61;own business;4,6;7,626294;7,415706;0
22;civil service;6,5;0,6019;0,6981;1
24;working - other;2,4;0,274992;0,541008;0
30;own business;8,8;1,9162;3,8038;0
37;own business;10,8;0,720252;5,435748;1
27;working - other;14,7;1,460592;3,831408;1
22;civil service;3,7;0,079402;0,993598;0
28;working - production;0,2;0,057596;0,096404;0
31;working - other;2;0,33784;0,48216;0
44;working - IT;14,9;1,783232;8,348768;0
69;working - other;20,2;5,633376;11,334624;0
26;working - other;10,6;2,128056;2,323944;1
51;own business;16,8;0,580608;15,547392;1
20;own business;9,6;3,851232;3,540768;1
24;own business;7,3;1,243044;1,895956;0
53;working - IT;0,5;0,032155;0,262845;0
29;working - other;4,7;0,139496;1,176504;1
52;own business;21,3;24,063888;54,320112;1
28;own business;21,1;0,5697;3,6503;0
35;working - other;13,5;9,072;12,528;1
20;working - other;10,3;0,386559;2,394441;1
27;working - production;4,1;0,729144;0,746856;0
34;civil service;22,5;1,21095;9,13905;0
46;working - production;9,9;1,713096;6,602904;0
36;civil service;6,7;2,091003;4,675997;1
51;civil service;3,3;0,195822;1,223178;0
39;working - IT;19,7;2,325388;7,918612;0
33;civil service;27,7;3,204336;3,443664;1
65;working - other;9,3;2,019402;19,463598;0
35;own business;4,9;9,265753;3,621247;1
41;working - other;17,4;7,117644;32,206356;1
23;own business;1,7;0,244035;0,316965;0
23;working - IT;24,3;3,504303;2,084697;1
34;working - production;6,4;5,55264;2,12736;1
18;working - other;19,8;2,29878;3,64122;1
29;working - production;7,8;0,458328;1,569672;0
38;civil service;19,5;15,43464;24,34536;1
32;civil service;13,7;1,350272;4,677728;0
34;working - other;19,9;2,493072;9,048928;0
37;working - IT;13,4;2,118808;6,859192;0
37;own business;15,5;1,26511;6,94989;0
37;own business;4,6;0,71208;0,66792;0
45;civil service;5,7;0,933489;2,087511;0
48;own business;12,1;2,462229;4,434771;0
36;working - IT;5,8;1,19625;1,99375;0
26;working - other;1,5;0,08379;0,54621;1
60;working - IT;8;8,772;4,828;0
37;working - other;9,6;1,538592;1,437408;0
27;civil service;14,4;0,517104;2,506896;0
26;working - IT;9,8;0,3381;4,1699;0
32;own business;10,7;0,516596;3,121404;0
23;own business;7,8;0,351936;0,896064;0
58;own business;4,2;0,821016;1,446984;0
34;working - IT;1,9;0,175864;0,318136;0
30;working - other;4,9;0,411502;0,421498;1
25;own business;7,7;1,073072;2,930928;0
24;working - other;10,7;1,982496;0,585504;0
34;civil service;17,6;1,67552;5,36448;1
64;working - IT;6,5;0,29172;1,26828;0
29;civil service;19;1,02714;5,43286;1
21;working - other;0,9;0,023229;0,237771;0
50;civil service;15,7;0,58404;3,18396;0
25;civil service;15,7;1,825753;2,727247;1
27;working - other;13,2;1,44408;1,19592;0
25;own business;18,4;2,006704;5,537296;0
27;civil service;4,8;0,554976;1,413024;1
26;working - other;5,5;0,25234;1,45266;0
49;working - other;1,7;0,504798;0,328202;0
41;own business;29,1;2,15631;9,19269;1
30;working - other;5,5;1,452;1,573;0
37;working - IT;5,6;0,642936;1,765064;0
34;working - other;8;0,3968;4,5632;0
50;civil service;4,8;0,933504;4,058496;0
28;own business;12,6;2,477412;4,830588;1
19;working - other;3,1;0,25978;0,36022;1
25;civil service;3,9;0,368745;0,840255;1
18;working - other;12,2;0,366;1,464;0
24;civil service;5,6;0,249088;1,542912;1
30;working - other;14,8;0,973544;2,874456;1
36;working - other;19,6;6,3602;4,4198;1
32;civil service;3,7;0,181374;1,224626;1
41;civil service;7;1,16466;5,41534;0
47;working - other;3,2;4,179168;1,868832;0
57;working - IT;5,8;1,239576;3,284424;0
26;working - IT;19;0,67184;5,78816;1
34;civil service;14,4;4,97952;4,38048;1
33;working - other;10,6;2,686464;4,097536;0
53;working - production;22,3;9,214806;12,416194;1
61;working - other;4,3;1,259986;2,653014;0
18;working - other;4,3;0,149898;0,452102;0
21;own business;12,1;0,58806;1,58994;0
28;working - IT;22,1;6,78028;4,71172;1
34;working - other;3,1;0,036456;1,482544;0
20;working - IT;4,7;0,253424;0,498576;0
34;working - IT;10,6;3,11958;2,60442;0
22;own business;2,5;0,2583;0,0917;0
34;working - other;24,3;0,21141;7,07859;0
18;working - other;13,1;0,921978;1,436022;1
41;working - other;0,3;0,120576;0,071424;0
46;working - IT;3,4;0,760852;1,517148;0
21;working - other;2,2;0,10076;0,33924;0
51;working - other;22,7;3,275383;7,393617;0
27;working - production;22,9;1,08775;4,63725;1
35;working - other;21,3;1,28439;5,10561;0
22;civil service;6;0,0156;1,5444;0
65;working - IT;11,1;1,174602;14,698398;0
43;own business;21,2;2,827656;2,896344;1
23;civil service;18;0,50922;3,63078;1
66;working - other;9;5,0616;8,6184;0
25;working - other;8,2;2,865408;1,070592;1
35;civil service;3,4;1,182384;1,673616;0
19;working - other;12,8;1,14176;1,41824;0
25;civil service;6,9;0,42504;0,95496;1
23;civil service;3;0,558;1,302;1
23;own business;21,2;2,65424;5,82576;1
49;own business;4,5;2,291175;1,533825;0
45;civil service;10,6;3,802432;2,451568;0
45;working - other;2,9;0,18531;1,11969;0
32;civil service;5,2;0,37882;1,23318;0
28;civil service;0,5;0,0825;0,2175;0
44;own business;7;0,8253;8,3447;0
49;own business;9,9;4,42134;9,43866;0
19;working - other;4,4;0,0627;0,7733;0
34;own business;9,4;0,076704;2,179296;1
51;own business;7,2;1,767456;0,680544;0
28;working - other;34,8;1,044;7,656;1
51;civil service;6,5;6,8224;26,4576;0
24;civil service;26,9;7,185528;9,761472;1
41;working - production;4,4;0,777084;3,050916;0
23;civil service;15;0,399;4,851;1
33;civil service;17,2;0,369284;2,898716;1
42;working - other;5,6;3,912832;5,943168;0
20;own business;3,5;0,23016;0,32984;1
27;working - other;2,6;0,093964;0,582036;0
34;working - other;11,6;1,063024;2,300976;1
20;working - other;12,9;0,89913;3,48687;1
66;working - other;15,8;1,339524;7,192476;0
19;working - other;12,7;1,21666;1,32334;0
33;working - production;23,7;10,466157;8,256843;1
22;own business;25,4;2,379218;1,938782;1
40;working - other;23,9;3,689443;6,587557;1
55;working - production;19,1;5,800288;8,142712;0
25;civil service;8,9;0,559365;0,775635;1
23;own business;6,9;0,55476;1,51524;0
37;civil service;1,1;1,418175;1,056825;0
18;working - other;6,6;0,07623;1,30977;1
23;working - other;3,8;0,077748;0,758252;0
27;working - other;11,7;0,54054;5,89446;1
42;working - production;15,3;1,43208;1,62792;1
31;own business;7,8;0,446706;1,347294;0
33;working - other;12,7;3,160776;1,157224;1
58;civil service;2,4;0,975744;2,192256;0
58;own business;3,9;2,857842;2,524158;0
48;working - other;4,3;0,2193;1,9737;0
26;working - other;11;4,6948;1,3552;1
28;working - production;11,9;0,317016;1,824984;1
22;working - IT;9;0,86562;1,02438;0
18;working - other;8;0,40464;1,03536;0
57;working - other;2,3;0,109434;1,293566;0
19;working - other;12,3;1,109952;1,842048;1
31;civil service;22,4;0,153216;7,910784;0
18;working - IT;8;0,74016;0,69984;1
23;own business;4;0,05328;0,66672;0
19;working - other;8,2;0,377692;0,770308;1
29;own business;16,5;8,21205;3,33795;1
29;own business;11,6;3,25728;1,26672;1
25;working - other;3;0,15408;0,56592;0
18;working - other;0,9;0,126144;0,089856;1
40;own business;1,2;0,860256;0,183744;0
31;working - other;4,7;0,125208;1,566792;0
52;civil service;3,1;0,203112;2,400888;0
37;working - other;26,9;5,45532;5,03568;1
40;own business;6,2;0,942648;4,265352;0
18;working - other;11,9;0,165886;1,857114;1
45;working - IT;3,2;1,333632;0,874368;0
34;own business;12,9;4,165668;2,542332;0
19;working - other;12,6;1,225098;1,420902;1
25;own business;16,9;1,085994;3,477006;0
53;working - other;12,9;2,80962;25,57038;0
30;own business;11,6;1,393392;3,130608;0
49;working - production;19,4;5,594184;28,937816;0
21;working - other;3,5;0,25438;0,55062;0
40;working - other;36,6;4,350276;3,335724;1
18;working - other;11,5;0,66125;1,98375;1
18;working - other;8;0,2244;0,9756;0
34;working - IT;5,3;0,583;2,067;0
33;civil service;20,6;1,090152;4,471848;0
45;own business;13,3;1,455685;5,859315;0
40;civil service;9,6;1,875456;8,780544;0
49;working - IT;9,9;1,357884;2,206116;0
27;own business;3,7;0,284456;0,862544;0
52;working - IT;28,6;5,263258;16,758742;0
23;working - other;18,2;1,37046;4,08954;1
39;own business;11,3;1,450242;3,747758;0
20;working - other;9,8;0,65856;2,08544;0
26;own business;10,9;1,707267;0,799733;1
62;civil service;23;19,05136;9,46864;1
39;working - other;1,4;0,097902;0,280098;0
26;working - IT;21,7;6,139798;4,059202;1
35;working - other;3,3;1,054152;1,123848;0
46;working - production;4,9;3,272024;3,391976;1
47;civil service;7,5;3,124725;1,450275;0
56;working - IT;18,7;3,716438;3,389562;1
21;own business;9,1;1,048047;1,954953;1
29;working - other;5,8;0,578028;1,335972;0
28;working - other;5,7;1,57092;1,45008;1
28;own business;16,1;3,162362;6,658638;1
30;working - IT;10,8;1,03032;2,20968;0
20;working - IT;10,1;0,142208;2,079792;1
24;civil service;9,6;1,038432;1,745568;1
29;civil service;25,1;2,180437;16,142563;1
19;working - other;9,5;0,397575;1,027425;1
63;working - other;16,6;21,890752;12,637248;1
39;working - other;6,8;3,44556;2,67444;0
22;civil service;3,4;0,153;0,867;0
30;working - other;11,6;1,392232;2,551768;0
24;working - IT;18;1,6416;2,6784;1
25;civil service;4,2;0,5544;2,2176;1
22;working - other;4,7;0,500409;1,332591;0
35;working - production;13,3;0,986328;3,801672;0
51;own business;1,4;0,565754;1,688246;0
65;working - other;6,2;1,67865;1,85535;0
38;civil service;28,9;5,27136;50,21664;1
28;working - other;24,6;4,07376;1,83024;1
30;civil service;10,6;0,735534;2,126466;0
22;civil service;8,6;1,764376;2,191624;1
19;working - other;7,5;1,5141;0,5859;1
48;civil service;4,4;0,31944;2,58456;0
18;working - other;8,3;0,173968;1,154032;1
29;working - other;10,3;2,984631;1,032369;1
37;working - other;16,2;0,92907;5,06493;0
23;civil service;0,7;0,251923;0,259077;0
27;own business;6,1;1,653161;0,847839;1
38;civil service;12,2;2,759274;4,926726;0
39;own business;25;1,76625;9,48375;0
28;civil service;24,3;3,335904;8,328096;1
54;own business;6,4;0,93184;1,30816;0
39;civil service;1,6;0,1568;1,4112;0
19;working - other;17,2;2,647424;1,824576;1
71;working - IT;10,1;1,435614;0,887386;0
24;working - other;3,8;0,359898;0,438102;0
28;working - other;9;0,3672;1,4328;0
21;working - IT;7,3;0,053655;1,041345;0
36;working - other;3,1;0,753858;0,548142;0
36;working - other;21;0,33201;6,17799;0
23;working - IT;8,4;0,2436;1,4364;1
28;own business;18,8;1,1562;3,5438;1
26;own business;3,1;0,103788;0,857212;1
36;working - production;3,3;0,46629;1,01871;0
32;civil service;10,6;1,43418;4,39582;1
24;civil service;9,3;1,546776;3,661224;1
19;working - other;7,9;0,612645;3,732355;0
28;civil service;6,2;0,758384;0,605616;1
40;working - production;18,6;3,404544;2,547456;1
33;working - production;15,1;3,307051;14,963949;1
34;own business;6,8;0,686596;0,877404;1
19;working - other;4;0,5208;0,6792;0
44;working - IT;13;3,82525;10,08475;0
29;working - other;9,3;1,419552;1,928448;1
65;working - IT;9,9;1,365408;1,802592;0
45;working - other;8,9;2,741022;2,509978;0
33;working - other;12,6;8,550486;1,403514;1
32;own business;12,4;2,183888;2,032112;0
32;civil service;8,4;3,382428;2,245572;0
23;own business;9,2;1,254328;1,873672;1
25;working - production;8,4;1,25496;3,78504;0
22;civil service;6,2;0,346518;1,079482;1
27;working - IT;14,3;0,37752;2,48248;0
43;civil service;19,9;6,322628;12,383372;1
53;civil service;5,8;7,58205;6,85995;0
24;own business;5,6;0,082544;1,149456;0
43;working - other;24,2;8,072152;6,931848;1
25;working - IT;13,2;1,629144;2,726856;1
26;own business;32;4,416;3,264;1
18;working - other;16,3;1,873196;3,668804;1
46;civil service;4,7;0,251826;2,427174;0
46;civil service;15,5;9,92;14,88;1
52;working - other;11,3;0,707832;9,123168;0
35;own business;11;1,16424;4,77576;0
23;own business;16,8;3,143448;7,440552;1
33;working - IT;6,9;0,678546;1,598454;1
18;working - other;8,1;0,843696;1,424304;1
31;working - other;5,7;0,824619;1,284381;0
30;own business;14,8;1,532392;7,643608;1
23;own business;3;0,2784;0,6816;0
42;working - other;9,6;2,6016;2,1984;0
21;working - other;6,3;0,829521;0,493479;1
35;working - other;10,2;3,366;2,244;0
26;working - other;6,2;1,827078;1,086922;0
75;civil service;19,6;26,68736;63,47264;1
22;own business;3,7;0,310208;0,873792;1
19;working - other;5,6;0,137592;1,038408;0
28;working - other;11,5;0,86526;1,66474;0
22;own business;13,6;1,87272;4,24728;0
30;working - other;10;2,1285;2,3715;0
24;civil service;16,1;5,094201;3,438799;1
20;own business;9,4;0,549054;2,552946;1
38;working - other;5,2;1,201616;1,554384;0
20;own business;5,1;0,357918;0,764082;1
28;working - production;12,4;4,52352;2,54448;1
23;own business;4,2;0,15855;0,89145;0
21;own business;8,5;0,08228;1,78772;0
23;civil service;3,1;0,33852;0,52948;0
19;working - other;8,2;0,499708;1,304292;0
26;working - other;2,7;0,527472;0,363528;0
19;working - other;18,4;0,981824;3,250176;1
24;working - other;5,7;0,478743;1,630257;0
19;working - other;7,5;0,36135;2,11365;0
34;civil service;32,1;2,390166;8,523834;1
26;civil service;12,3;1,147713;2,665287;1
63;working - IT;12,3;3,471306;9,197694;0
31;own business;1,9;0,1653;0,4047;0
22;civil service;8,1;0,605556;1,662444;1
34;working - other;7,5;1,091625;1,983375;1
45;working - other;9,7;1,743478;6,598522;0
22;own business;10,1;0,695082;2,435918;1
21;own business;6,3;1,291752;1,480248;0
65;working - IT;1,6;0,289632;0,382368;0
24;own business;9,2;0,311236;1,252764;0
25;civil service;1,4;0,05929;0,43071;1
32;civil service;13,2;1,530144;5,861856;1
21;own business;14,1;1,59894;3,47706;1
23;civil service;17;2,16172;3,61828;1
40;own business;10,2;4,32072;7,91928;0
44;working - other;2,8;0,5166;0,8834;0
39;civil service;5,6;2,6208;1,5792;0
26;own business;12,9;0,401706;1,920294;1
25;working - other;2,5;0,174;0,326;0
28;working - other;9,8;1,36024;2,55976;1
43;civil service;3;0,4191;3,3909;0
28;working - other;3,4;0,3808;3,4272;0
40;working - IT;23,3;2,022207;5,666793;1
31;working - IT;3,2;0,338624;0,493376;0
29;own business;6,7;0,704036;1,774964;0
54;working - IT;13,6;1,62792;12,65208;0
42;civil service;7,3;1,151794;2,425206;1
39;working - other;30,2;10,50356;17,88444;1
36;own business;13,1;7,237357;5,993643;1
55;working - production;6,6;2,01201;3,99399;0
21;working - other;4,1;0,246;0,369;0
49;own business;6,9;0,846216;1,085784;0
50;civil service;2,3;1,79009;2,37291;0
22;civil service;27,4;6,22391;8,84609;1
33;working - other;5,1;0,895356;0,787644;0
39;civil service;4,1;0,345384;2,852616;0
26;own business;4;0,18744;2,45256;0
23;working - IT;18;1,05408;7,58592;1
19;working - other;10,6;0,992372;2,293628;1
32;working - other;24,6;4,14018;3,97782;1
19;working - other;5,4;0,372438;0,653562;1
33;working - IT;14,6;0,729124;2,482876;0
55;working - production;12,9;5,1084;6,2436;0
21;working - other;3,1;0,30969;0,62031;0
47;working - other;6,7;0,222105;2,390895;0
24;working - other;11;0,83072;2,68928;0
25;working - other;2,7;0,528768;0,443232;0
34;civil service;28,4;4,974544;11,497456;1
67;working - other;11,4;1,58688;5,02512;0
51;working - other;18,1;4,906005;6,858995;0
45;working - other;7,5;1,695;5,805;0
24;own business;8,9;2,379237;3,583763;1
46;working - other;3,2;1,808928;1,359072;0
53;civil service;15,7;4,24685;3,60315;0
28;civil service;19,4;7,02765;26,92235;1
21;own business;4;0,4832;0,3168;0
28;civil service;12,1;0,432212;5,254788;1
51;own business;4,9;0,91728;6,13872;0
27;civil service;8,2;0,620084;2,495916;0
18;working - IT;8,4;0,7434;0,5166;1
62;working - IT;6,3;3,971394;1,446606;0
30;working - other;16,1;0,81144;4,82356;1
19;working - other;8,1;0,690606;1,010394;0
76;own business;6,2;1,278254;2,007746;0
22;civil service;7,4;0,778924;0,627076;1
26;working - IT;5,2;0,889928;1,346072;0
18;working - other;8,9;0,23496;2,43504;1
30;own business;6,5;0,27807;1,21693;1
36;working - other;0,8;0,1192;0,2808;0
30;working - other;4,7;0,771552;0,920448;0
42;working - other;8,7;1,728342;4,013658;0
18;working - other;3,8;0,57228;0,56772;0
28;civil service;17,7;2,786865;5,532135;1
48;working - other;10,5;7,4088;13,1712;1
42;working - IT;7,2;0,688896;1,615104;1
33;civil service;16,7;2,809107;7,711893;0
26;civil service;7;1,21275;1,23725;0
24;civil service;5,7;0,6384;0,7866;1
39;civil service;3,4;0,405552;2,450448;0
19;working - other;25,9;1,93732;3,24268;1
18;working - other;6,1;0,915732;0,731268;0
23;civil service;12,3;2,104284;3,676716;1
23;working - IT;5,3;0,1378;1,2402;1
30;own business;8;1,18352;0,89648;0
59;working - IT;16,6;5,470696;1,833304;1
37;working - IT;16,1;1,988028;3,807972;1
35;working - IT;4,7;2,863005;1,507995;0
23;working - other;21,3;0,300543;3,320457;1
52;civil service;5,4;1,397088;1,194912;0
19;working - other;14,3;0,516802;3,201198;1
70;working - other;13,3;5,16705;14,78295;0
30;civil service;7,8;1,394328;7,107672;0
40;working - IT;7,3;0,94608;4,30992;0
23;own business;16,6;1,644396;4,829604;0
26;working - IT;7,9;0,333696;1,562304;0
33;own business;3,7;0,9324;0,8436;0
55;working - other;22;6,82748;6,15252;1
46;working - IT;4,5;0,9774;0,8226;0
32;working - other;1,8;0,164754;0,321246;0
18;working - other;12,3;0,86961;3,43539;0
18;working - other;9,4;0,433998;2,104002;1
23;civil service;2,9;0,232551;0,724449;0
41;working - other;4,8;1,147776;1,540224;0
22;civil service;11,8;0,671538;1,806462;0
33;working - other;14,6;2,788454;7,577546;0
24;civil service;8,9;3,554304;7,837696;1
23;own business;0,6;0,058632;0,109368;0
37;civil service;14,4;2,030976;3,873024;0
43;working - IT;12,9;1,529424;1,824576;0
31;own business;13,1;1,644705;4,250295;1
20;own business;8,6;0,197456;2,210544;0
24;working - other;13,1;1,08992;2,31608;0
28;own business;4,9;0,547722;0,579278;1
53;civil service;11,3;2,656178;2,541822;1
26;civil service;11,9;0,944622;6,552378;1
21;working - other;4,2;0,056448;0,951552;0
22;own business;15,8;2,937062;1,644938;1
44;civil service;5,8;1,53439;2,23561;0
29;working - other;6,3;0,127575;1,573425;0
28;own business;12,9;2,355411;1,643589;1
41;working - other;7,3;2,559088;1,528912;0
64;working - IT;6,6;3,27294;6,29706;0
44;civil service;16,6;0,07968;2,41032;0
21;working - other;9,5;0,137655;2,047345;0
50;working - other;1,4;0,213136;1,018864;0
18;working - other;19;1,33;2,47;1
29;working - production;12,5;2,025;2,975;1
38;working - other;0,8;0,12768;0,09632;1
30;civil service;13,4;4,54662;4,16338;1
27;working - other;6,5;0,84825;1,03675;0
28;working - IT;6;0,7155;1,9845;0
27;working - other;6,3;0,267561;1,685439;0
67;working - IT;6,3;1,419264;4,124736;0
36;civil service;8,1;1,051785;1,783215;0
30;civil service;11,9;0,795872;3,726128;0
29;own business;4,3;1,044126;1,406874;0
18;working - other;16,7;0,46426;2,87574;1
46;working - IT;2,7;0,935712;0,360288;0
38;working - IT;16,8;0,556416;3,475584;1
23;own business;7,9;1,223552;1,304448;0
41;working - production;1,9;0,86279;2,74721;0
59;own business;7,5;3,0567;3,8433;0
64;working - other;13,2;16,952364;18,291636;0
32;civil service;19,5;4,12581;9,71919;1
32;own business;3,1;0,320013;0,826987;0
22;civil service;19,8;0,44352;5,10048;1
21;working - other;11,8;0,41595;1,35405;1
66;working - other;2,8;1,00156;0,95844;0
18;working - other;4,4;0,148104;0,819896;1
40;working - other;1,2;0,424848;0,211152;0
21;own business;2,3;0,220455;0,400545;0
35;own business;0,8;0,103464;0,112536;0
18;working - other;14,9;0,135888;2,695112;1
27;own business;9,7;0,44232;3,24368;1
54;own business;13,7;7,988607;4,752393;1
58;working - other;3,3;0,498201;0,524799;0
43;own business;6;0,6156;1,6644;0
42;civil service;14,7;2,845185;4,357815;0
26;civil service;3,3;0,408408;0,449592;0
31;civil service;24,6;5,977554;5,584446;1
18;working - other;10,2;0,520608;1,723392;1
33;civil service;10,1;5,56308;8,17292;1
46;own business;3,9;0,082212;1,243788;0
35;civil service;6,8;2,842128;2,665872;0
68;own business;6,2;3,017168;6,530832;0
24;civil service;6,7;0,823095;2,191905;0
46;civil service;7,6;0,326192;4,081808;0
38;own business;2,4;0,871008;1,192992;0
43;working - other;21,9;7,902396;5,675604;1
20;own business;1;0,10827;0,16173;1
23;civil service;26,9;0,400272;6,055728;1
45;working - IT;14,8;0,260924;5,807076;0
37;working - IT;4,3;0,168345;1,078655;0
51;own business;16,6;14,80803;32,50197;0
18;working - other;9,1;0,490854;2,330146;1
33;civil service;3,1;0,832722;1,213278;0
37;civil service;23,9;5,808656;9,009344;1
59;own business;16;1,85472;11,58528;0
57;working - other;9,2;3,449632;12,374368;0
19;working - other;4,4;0,727584;0,988416;0
44;working - other;18,3;5,851974;4,945026;1
32;working - other;18,1;1,1403;5,1947;1
38;own business;19,1;2,374512;4,692488;1
19;working - other;12,4;0,33728;1,77072;1
21;own business;22,7;2,12926;5,81574;1
28;working - IT;23,4;0,271674;9,790326;1
19;working - other;24,3;0,53217;6,75783;1
48;working - IT;2,6;0,115752;0,612248;0
46;working - IT;15,4;6,68591;7,94409;0
30;working - other;1,5;0,19296;0,28704;0
52;working - IT;15,7;8,321;11,304;0
33;working - other;18;2,18376;4,29624;0
36;civil service;13,2;3,453516;3,278484;0
71;working - other;24,4;2,66326;11,73274;0
40;civil service;5,8;0,544968;4,501032;0
32;civil service;10,4;0,461448;8,586552;0
32;working - other;7,1;1,549575;3,775425;0
25;own business;4,5;0,38664;0,33336;0
36;civil service;19,9;11,5619;8,3381;1
22;working - other;3,5;0,32697;0,30303;0
35;working - other;14,9;2,517951;3,889049;0
26;own business;8,2;0,350796;1,535204;0
51;working - IT;2,2;0,342254;0,691746;0
20;own business;18,3;1,951512;3,721488;1
39;working - other;10,9;4,071368;2,032632;1
33;working - other;2,1;0,024108;0,836892;0
25;working - other;16,3;1,86309;1,07091;1
43;own business;6;0,8673;2,0727;0
33;working - production;15,7;0,751088;6,470912;0
36;civil service;17,2;1,276928;8,699072;0
33;civil service;5,2;0,57876;1,24124;0
25;working - other;12,6;0,1134;2,1546;1
40;own business;23,3;1,528946;6,393054;0
41;working - other;18;9,17928;4,50072;1
28;working - IT;13,6;0,53312;2,18688;0
19;working - other;1,2;0,02688;0,21312;0
25;working - other;7,6;0,229824;1,822176;0
46;working - IT;31,6;2,3384;9,3536;1
43;own business;4,2;1,413468;1,568532;0
57;working - IT;1,6;0,179584;0,796416;0
70;working - IT;19,9;0,499092;3,878908;0
32;working - other;6,2;0,51088;1,96912;0
18;working - other;3,4;0,37026;0,37774;1
23;own business;1,3;0,165438;0,380562;0
36;working - other;4,2;0,69426;1,69974;1
20;own business;5,1;0,528768;0,848232;0
29;working - production;12;1,134;1,866;1
22;working - other;11,5;1,68705;1,76295;1
41;civil service;3,7;1,020423;2,198577;0
26;working - other;6,7;0,033902;1,440098;0
40;working - IT;5,3;0,094605;1,018395;0
46;own business;5,8;1,09446;5,34354;0
42;own business;15,1;2,004072;1,619928;0
20;own business;15,1;1,258887;1,912113;1
22;civil service;8,7;1,069317;3,367683;1
20;own business;1,1;0,051051;0,091949;0
24;civil service;13;0,99684;3,68316;1
72;working - other;28,8;18,252288;48,851712;0
51;working - other;14,6;1,4965;10,4755;0
57;working - production;1,4;1,96378;13,14222;0
33;own business;12,8;0,918528;2,409472;0
48;working - production;13,1;1,519076;5,292924;0
40;working - IT;3;0,0486;0,8514;0
26;working - IT;2,5;0,031625;0,543375;0
30;working - IT;5,7;0,480225;0,944775;0
39;working - other;7,5;0,8748;1,8252;1
44;own business;8,9;1,822275;1,648725;1
40;own business;11,9;4,820214;10,530786;0
60;working - other;3,3;0,536877;0,420123;0
47;working - other;18,4;1,5778;7,4382;0
41;civil service;18,2;18,121376;4,992624;0
22;working - IT;4,1;0,334314;0,772686;0
42;working - IT;14,6;2,69516;6,79484;0
42;working - other;23,3;12,730887;14,530113;1
19;working - other;2,8;0,242256;0,541744;1
59;own business;10;1,4025;4,0975;0
23;working - other;10,6;0,5035;2,1465;1
64;working - other;8,4;0,167328;6,804672;0
25;civil service;14,3;0,762762;5,243238;1
31;working - other;17,9;0,359611;6,979389;0
32;working - other;19,9;11,911344;13,759656;1
19;working - other;9,3;0,93744;2,31756;0
42;civil service;14,4;0,66312;1,49688;0
19;working - IT;11,7;1,16532;1,17468;1
38;working - other;16,1;2,33772;6,51728;0
28;working - IT;9,2;0,945024;1,998976;0
24;working - other;16,3;0,188917;2,908083;1
38;own business;5,5;0,57354;3,05646;1
54;working - IT;5,2;0,759304;1,788696;0
20;own business;11,7;1,252017;2,140983;1
51;own business;19,5;3,57903;7,53597;0
30;working - other;3,6;0,478296;0,457704;1
26;working - other;9,4;0,774936;2,609064;0
25;working - IT;8;0,84968;0,67032;0
29;working - other;5,3;0,628368;0,749632;1
50;working - IT;11,8;3,44029;6,58971;0
50;working - production;4,9;1,311583;2,167417;0
39;own business;12,2;0,7137;4,0443;0
29;own business;3,6;0,580752;2,083248;0
32;working - production;14,8;0,205128;3,050872;0
26;working - other;13,4;1,476144;1,739856;0
29;working - other;9,8;2,9106;1,9894;0
25;own business;15,6;3,682692;3,025308;1
33;working - other;5,4;0,374274;1,191726;0
20;own business;5;0,13375;1,11625;1
24;own business;7,4;0,241684;1,460316;0
21;working - IT;9,8;0,4214;2,0286;1
42;own business;3,3;0,756789;1,586211;0
20;working - other;7,1;0,97199;1,65501;0
40;working - IT;2,4;0,221712;0,522288;1
36;working - other;11,3;1,496572;7,204428;1
18;working - other;2,3;0,085284;0,328716;0
69;working - IT;7,1;0,47925;1,29575;0
27;civil service;3,9;0,562185;0,646815;0
53;own business;9;1,6956;9,1044;0
23;civil service;1,4;0,18088;0,08512;0
32;working - other;22,5;0,57915;4,37085;1
26;civil service;13,3;0,313348;4,740652;0
29;own business;5,9;0,795438;0,443562;0
28;working - IT;6,5;0,21125;1,41375;0
61;working - other;7,7;3,083388;7,850612;0
53;working - other;1,5;0,076125;0,448875;0
36;working - production;6,5;3,62232;3,39768;0
68;working - other;6,1;1,35786;3,76614;0
38;working - IT;16,9;3,991104;2,937896;0
48;own business;4,1;1,952174;3,500826;0
77;working - other;3,9;0,79872;2,32128;0
35;working - IT;1,6;0,42336;0,58464;0
25;civil service;4,5;1,12914;1,93086;1
29;working - IT;3,2;0,571584;0,676416;0
20;working - other;1,1;0,075504;0,188496;1
21;own business;7,8;0,213486;1,112514;0
18;working - other;7;0,28329;1,04671;1
23;working - IT;12,9;0,594819;3,146181;0
25;working - IT;2,7;0,158166;0,624834;0
42;civil service;9,1;1,49149;3,51351;0
35;civil service;3,2;1,516032;3,091968;1
35;working - production;10,5;0,49077;3,81423;1
38;working - IT;10,5;1,58697;1,87803;0
56;working - IT;8,1;6,403536;5,260464;0
48;own business;2,3;1,770057;1,748943;0
28;own business;20,5;1,2915;4,8585;0
25;civil service;11,1;2,64735;5,67765;1
43;working - IT;2,3;0,722844;0,519156;0
20;own business;10;0,8778;1,3222;0
34;civil service;12,7;4,77774;2,20726;1
25;own business;10,2;0,521424;3,150576;1
34;working - other;16,6;6,7562;1,5438;0
23;working - other;16,7;2,513517;2,329483;1
27;own business;4,3;0,897324;1,123676;0
24;working - IT;1,5;0,19908;0,22092;0
20;own business;10,5;0,29988;1,48512;0
56;working - IT;12,1;1,254528;8,546472;0
37;civil service;24,7;2,098512;15,685488;1
48;working - production;6,2;0,662904;9,381096;0
28;working - other;3,7;0,340104;0,547896;1
37;working - IT;21,6;4,191264;9,416736;0
34;own business;7;1,31929;1,97071;0
26;own business;9,8;0,935508;3,278492;1
28;working - production;7,8;0,831402;1,742598;0
28;own business;4,3;0,4773;2,7477;0
22;civil service;6;0,60912;1,01088;1
38;own business;21,6;7,00488;13,29912;1
20;working - other;5,9;0,071744;1,049256;1
36;civil service;2,8;0,673848;0,502152;0
26;civil service;2,3;0,927291;1,119709;1
33;civil service;8,5;3,884075;11,840925;0
25;working - other;6,8;1,005312;0,626688;0
22;civil service;2,8;0,40768;1,16032;0
25;working - other;10,3;0,859638;1,818362;0
36;working - other;16,8;1,159536;4,552464;1
30;working - production;10,4;1,155336;1,028664;1
21;own business;18,5;5,20923;2,00577;1
33;working - other;7,3;0,6132;1,9418;0
25;working - IT;11,4;1,167018;2,138982;0
70;civil service;9,9;22,93929;25,86771;1
56;civil service;2;0,48906;0,65094;0
33;working - IT;2,9;0,189312;0,796688;1
27;own business;4,7;0,386904;0,929096;0
18;working - other;1,1;0,032835;0,132165;0
30;civil service;6,8;1,153824;0,750176;0
43;civil service;3,6;0,493416;2,710584;0
27;civil service;11;0,3058;1,8942;1
32;own business;6,1;1,402329;3,416671;1
30;working - other;13,8;0,548964;4,833036;0
36;working - other;3,5;0,75425;0,99575;0
32;working - IT;5,8;0,57855;1,45145;0
52;own business;0,5;0,40125;0,22375;0
35;own business;7,1;1,58543;0,47357;0
34;own business;5,7;0,828552;1,793448;0
19;working - other;7;0,1946;1,2054;0
26;working - other;11,2;0,16128;5,21472;1
25;civil service;4,9;0,670124;1,877876;1
75;working - IT;4,4;0,689832;2,742168;0
24;working - other;19,1;1,52418;3,82382;1
43;working - other;9,8;1,50626;3,68774;1
33;own business;3,9;0,555555;0,887445;0
61;own business;3,2;0,350208;0,865792;0
23;working - other;12,8;0,54912;2,77888;0
32;civil service;14,2;1,360218;3,041782;0
25;working - other;14,4;0,985824;2,038176;1
42;working - production;17,7;5,047686;20,971314;1
23;civil service;12,2;2,25456;1,40544;1
25;own business;12,7;0,03429;3,39471;1
22;civil service;1,2;0,2088;0,3912;0
19;working - other;6,6;0,003168;1,052832;0
35;civil service;4,8;0,31536;0,54864;0
58;working - other;4,4;0,63954;1,60446;0
38;civil service;13,2;3,238092;1,645908;1
43;own business;2,5;0,58395;1,96605;0
34;working - other;6,5;2,297165;1,537835;0
28;working - other;10,6;2,210736;7,117264;0
23;own business;24,2;5,8806;2,8314;1
30;working - IT;8,4;0,9072;0,7728;1
21;own business;20,7;1,305756;2,627244;1
37;civil service;1,3;0,2067;0,4433;0
34;own business;14,2;0,92868;3,33132;0
29;working - other;10,8;2,960064;2,223936;0
20;own business;15;1,4157;4,4343;0
61;working - IT;5;0,1989;3,7011;0
19;working - other;1,8;0,101772;0,294228;0
71;working - IT;7,6;0,36556;1,61044;0
33;civil service;2,5;4,357575;3,667425;1
22;civil service;3,1;0,616373;1,212627;0
30;own business;8,2;0,397208;1,898792;0
22;civil service;3,8;0,712576;0,503424;0
20;working - IT;17,6;0,15488;3,36512;1
19;working - other;3,3;0,102828;0,524172;1
28;working - IT;1;0,11448;0,12552;0
18;working - other;5,5;0,45738;0,31262;0
56;working - other;12,5;1,79375;3,33125;0
32;own business;9,8;3,087;1,813;0
29;working - other;12,4;0,380184;2,223816;1
46;working - IT;3;0,43125;0,31875;0
39;working - IT;6,8;1,008576;2,255424;0
28;civil service;13,8;0,6831;3,4569;0
37;working - IT;12,6;4,184712;5,391288;0
39;civil service;9,7;1,673153;2,885847;1
27;working - other;2,7;0,33777;0,47223;1
25;working - other;10;0,9996;1,1004;0
49;working - other;6,9;3,787824;2,698176;0
24;working - other;11,2;0,22848;6,49152;0
24;civil service;5,5;0,58905;1,88595;1
30;civil service;8,6;2,384264;2,603736;0
22;working - IT;19,9;1,160568;3,615432;1
47;working - IT;18,9;3,766392;5,116608;0
32;own business;5,9;1,346852;1,721148;0
41;working - other;9,6;3,055104;3,472896;0
18;working - other;10;1,1214;0,6786;1
37;working - IT;13,6;2,977856;1,646144;0
35;working - IT;10,5;0,9072;3,2928;1
36;working - production;8,3;1,454658;4,272342;0
44;own business;14,4;1,0764;15,4836;1
19;working - other;9,3;1,174125;1,150875;1
24;civil service;4,4;0,805376;2,010624;0
18;working - other;10,5;0,29799;2,01201;1
20;own business;0;0;0;0
38;civil service;2,7;0,912438;0,734562;0
24;working - IT;4,5;0,18144;0,76356;0
61;working - other;12,4;8,468208;7,155792;0
18;working - other;38,8;3,636336;4,899664;0
51;working - production;7,7;2,050125;3,724875;0
33;own business;18,3;1,7385;5,2155;0
34;own business;5;0,17885;2,27115;0
33;civil service;13,7;1,1782;2,2468;0
27;civil service;15,4;2,153536;2,774464;1
37;civil service;18,1;1,003464;4,064536;0
34;working - IT;9,2;2,002932;3,425068;0
23;working - other;5,8;0,46284;1,56716;0
29;own business;4,3;0,531394;1,059606;0
25;working - IT;2,6;0,134862;0,359138;0
21;working - IT;6,4;0,9856;1,8304;1
26;working - IT;11,5;0,90528;1,85472;0
37;working - other;3,2;0,140288;0,883712;0
26;working - production;4,4;0,052668;0,783332;1
35;own business;1,4;0,129682;0,696318;0
22;own business;19,7;1,679622;4,033378;1
30;working - other;9,3;0,268398;2,149602;0
62;working - other;4,7;3,404492;5,948508;0
43;working - IT;14,2;3,573856;11,194144;0
45;working - IT;1;0,34143;0,22857;0
21;own business;6,8;0,691288;0,872712;1
27;working - IT;13,9;3,039513;2,103487;1
73;working - other;19,4;2,11848;5,44752;1
35;civil service;11,1;1,386168;4,829832;1
38;working - IT;4,4;0,393976;1,234024;0
26;working - other;3,3;0,099462;0,626538;0
29;civil service;18,2;1,615068;8,940932;1
42;civil service;6,1;0,319884;4,316116;0
37;working - other;12,3;1,369482;3,304518;0
62;civil service;16,2;4,820148;9,273852;0
23;working - IT;7,2;0,712728;0,655272;0
64;working - other;19,2;35,520384;40,703616;1
45;civil service;1;0,96141;1,22859;0
23;own business;14,2;1,562;1,562;1
19;working - other;8,1;0,35802;1,26198;0
34;working - production;2,6;5,4704;8,2056;0
20;own business;2,8;0,457968;1,166032;0
18;working - other;7,5;0,859125;1,315875;1
37;working - other;2,1;0,07182;0,72618;0
43;own business;9,7;4,761342;5,035658;1
42;working - IT;1,3;0,153725;0,405275;0
23;working - other;1,6;0,046464;0,337536;0
19;working - other;6,8;0,414392;1,081608;1
26;working - IT;6,7;0,201;0,804;0
40;own business;4,6;1,189836;1,294164;0
43;working - other;14,7;3,85434;9,66966;1
28;civil service;5,2;0,78442;1,03558;0
24;working - other;8,5;1,4688;1,5912;1
22;working - other;11,7;0,36855;1,26945;1
27;working - other;0,6;0,03195;0,11805;0
33;own business;14,9;4,244563;4,844437;1
64;working - IT;6,9;8,101566;5,560434;0
63;civil service;4,9;0,796446;5,524554;0
31;working - production;2;0,36844;0,85156;0
21;own business;6,9;0,181194;1,612806;1
20;own business;9,4;0,59784;1,65816;0
20;own business;5,3;0,30051;0,65349;0
21;working - other;6,4;0,8448;1,2672;1
23;working - other;21,5;1,63185;4,81815;1
46;own business;11;1,18624;2,33376;0
29;civil service;12,1;0,4719;5,5781;0
59;working - other;0,8;1,863368;2,400632;0
21;working - IT;16,5;1,172655;2,622345;1
54;own business;9,5;2,28095;4,36905;0
18;working - other;2,5;0,56795;0,35705;1
41;working - other;7,5;3,10695;2,66805;0
19;working - other;5,8;0,783;1,305;1
41;working - IT;6,9;1,542564;2,183436;0
30;civil service;6,2;1,071918;2,090082;0
23;own business;14,6;1,16289;2,77911;0
37;own business;10,8;1,27008;2,50992;0
33;own business;6,2;0,654038;4,119962;1
34;working - production;11,3;7,46139;13,55661;1
25;civil service;4,9;0,20433;1,26567;0
21;working - IT;6,5;0,29393;0,94107;0
62;working - other;2,8;7,041496;1,974504;0
52;working - other;2,9;0,93148;0,66352;0
53;working - production;12;3,648;5,952;0
36;working - production;1,4;0,38192;1,35408;0
34;civil service;7,5;0,488775;3,186225;0
29;own business;4,9;0,56938;0,80262;1
20;working - other;12,1;0,951786;4,614214;1
20;own business;17,8;0,814528;1,499472;0
18;working - other;7,3;0,641524;1,256476;0
20;own business;9,3;0,353493;1,599507;1
19;working - other;19,3;2,204832;4,357168;1
30;working - other;1;0,14352;0,24648;0
34;working - other;18,6;3,555576;7,418424;1
41;working - IT;12,2;4,12665;2,58335;0
20;working - IT;16,3;1,306608;2,605392;1
30;own business;15,8;1,52628;2,89772;0
25;working - production;5,8;1,23656;6,30344;1
18;working - other;10;1,1201;1,1799;0
27;own business;1;0,315;0,315;0
31;working - other;12,9;0,736848;2,359152;1
34;own business;11;1,85339;7,27661;0
37;working - other;3,6;0,806508;0,741492;0
25;working - production;3,2;0,288256;0,223744;0
34;working - IT;14,5;1,194945;4,750055;0
27;working - IT;5,8;0,555408;0,836592;0