longdist;internat;local;int_disc;billtype;pay;age;gender;marital;children;income;churn
8.62;;8.49;Нет;Бюджетный;CH;43.0;Мужской;_Женат;0.0;33935.8;0
21.27;0.0;218,12;Нет;Бюджетный;CH;60.0;;_Одинокий;2.0;95930,6;1
6,13;0.0;;Да;;;25.0;Женский;;2.0;295,34;1
16.46;0.0;57,66;Да;Бесплатный;;93.0;Женский;Одинокий;0.0;;1
;0.0;16,01;Да;Бесплатный;CC;68.0;Женский&*;;0.0;99832,9;1
20.7;;;Нет;Бюджетный;CD;93.0;Мужской;Женат;1.0;;0
19.33;0.0;10,67;Нет;Бюджетный;CC;88.0;Женский;Же&нат;2.0;66906.6;1
;7.11;64,51;Нет;Бюджетный;CH;28.0;Женский;Одинокий;2.0;90364.4;1
24.6;0.0;76.64;Нет;;CC;95.0;Женский;Одинокий;2.0;7659.09;1
;7,66;8.49;Нет;;CC;95.0;Мужской;Одинокий;0.0;38872.3;1
13.16;0.0;35.87;Да;Бесплатный;CC;21.0;Мужской&*;Же&нат;2.0;61825.5;0
;0.0;3.42;Нет;Бесплатный;CC;26.0;Мужской;Женат;0.0;10095.8;1
5.13;0.0;69.8;Нет;Бюджетный;CH;75.0;;Женат;1.0;55187.6;1
8.62;;8.49;Нет;Бюджетный;CH;43.0;Мужской;_Женат;0.0;33935.8;0
8.62;;8.49;Нет;Бюджетный;CH;43.0;Мужской;_Женат;0.0;33935.8;0
12.06;0.0;22.05;Да;Бюджетный;Auto;28.0;Мужской;Женат;1.0;10385.3;1
12.09;0.0;119.02;Да;Бюджетный;Auto;28.0;Мужской;Женат;1.0;52750.8;0
16.78;3.52;12.94;Нет;Бесплатный;CC;54.0;Женский;_Женат;1.0;27376.0;1
19.98;0.0;10.47;Нет;Бюджетный;CC;51.0;Мужской;Женат;1.0;64880.0;0
6.09;4.19;44.91;Нет;Бюджетный;CH;62.0;Женский;Женат;0.0;18831.1;1
29.86;8.33;70.59;Нет;Бюджетный;Auto;94.0;Женский;Женат;1.0;15862.7;1
25.35;6.1;73.66;Да;Бесплатный;Auto;69.0;Мужской;_Одинокий;2.0;52127.5;0
14.73;0.0;22.8;Да;Бесплатный;CH;97.0;Мужской&*;Женат;2.0;1585.99;0
7.35;0.0;12.11;Да;;CH;78.0;Мужской&*;Женат;0.0;54864.6;0
10.34;0.0;19.05;Нет;Бесплатный;CD;48.0;Мужской;Женат;2.0;7122.16;0
0.46;0.0;164.82;Нет;Бесплатный;CC;51.0;Женский&*;Женат;2.0;32118.4;1
0.84;0.0;30.13;Нет;Бюджетный;CH;80.0;Женский;Одинокий;1.0;31809.7;1
14.82;0.0;99.52;Нет;Бюджетный;CH;83.0;Мужской;Одинокий;1.0;65867.1;0
28.83;4.75;13.53;Да;Бюджетный;CC;39.0;Мужской;Женат;1.0;39229.1;1
6.01;0.0;27.82;Нет;Бесплатный;CC;27.0;Мужской;Женат;2.0;89781.4;0
21.98;0.0;80.05;Нет;Бесплатный;Auto;38.0;Мужской;Женат;0.0;82003.9;0
23.24;1.05;34.1;Нет;Бесплатный;Auto;61.0;Мужской;Женат;1.0;83039.2;1
20.14;0.0;28.69;Нет;Бесплатный;Auto;58.0;Женский;Женат;0.0;91446.4;0
1.69;0.0;67.35;Нет;Бюджетный;Auto;49.0;Мужской;Одинокий;0.0;41862.6;0
25.24;0.0;56.04;Нет;Бюджетный;CC;36.0;Мужской;Женат;1.0;96349.8;0
24.04;0.0;19.89;Нет;Бюджетный;CH;59.0;Женский;Одинокий;0.0;23892.2;1
14.67;6.33;15.92;Нет;Бесплатный;CC;69.0;Женский;Одинокий;0.0;86735.5;0
21.5;0.0;47.22;Нет;Бесплатный;CD;94.0;Женский;Женат;0.0;87251.8;1
8.95;6.2;11.95;Нет;Бесплатный;CC;93.0;Женский;Одинокий;1.0;46771.2;1
19.04;0.0;29.4;Нет;Бесплатный;CH;47.0;Мужской;Одинокий;0.0;64295.2;0
0.28;0.0;8.54;Да;Бюджетный;CH;28.0;Женский;Женат;2.0;20850.4;1
19.26;0.0;52.78;Нет;Бесплатный;CC;30.0;Женский;Женат;1.0;17866.9;0
3.45;4.18;117.34;Нет;Бюджетный;Auto;76.0;Женский;Женат;0.0;35697.5;1
28.87;0.0;92.52;Нет;Бюджетный;CH;62.0;Мужской;Женат;2.0;33361.3;0
0.0;0.0;3.0;Нет;Бесплатный;CC;93.0;Женский;Женат;2.0;96926.2;1
23.09;0.86;88.83;Да;Бесплатный;CC;62.0;Женский;Женат;2.0;127.24;0
14.02;5.68;29.81;Нет;Бюджетный;CC;34.0;Мужской;Одинокий;0.0;87467.1;0
16.0;3.05;32.49;Да;Бесплатный;CC;93.0;Мужской;Одинокий;1.0;14258.4;1
22.3;0.0;11.05;Нет;Бесплатный;CC;33.0;Женский;Женат;2.0;29368.6;0
17.09;0.0;48.98;Нет;Бюджетный;CH;27.0;Мужской;Женат;0.0;85079.5;0
23.82;0.0;24.72;Да;Бюджетный;CH;83.0;Женский;Женат;0.0;67042.0;0
2.51;1.36;29.2;Нет;Бесплатный;CC;19.0;Мужской;Женат;0.0;89958.8;0
6.12;0.0;14.79;Нет;Бесплатный;CH;58.0;Мужской;Женат;1.0;4054.55;0
21.53;0.0;26.54;Да;Бюджетный;CC;31.0;Женский;Женат;2.0;55977.7;0
24.14;0.0;79.36;Нет;Бесплатный;CC;32.0;Женский;Женат;2.0;76791.5;0
0.0;0.0;2.85;Нет;Бюджетный;CC;24.0;Мужской;Одинокий;0.0;43082.6;1
13.71;0.0;171.47;Нет;Бесплатный;CC;67.0;Мужской;Женат;0.0;93201.3;0
13.94;6.61;78.22;Нет;Бесплатный;CC;68.0;Женский;Женат;1.0;81641.2;0
0.68;9.46;79.89;Нет;Бесплатный;CC;94.0;Женский;Одинокий;1.0;46480.7;1
3.73;0.0;18.85;Нет;Бесплатный;Auto;76.0;Мужской;Женат;2.0;30933.6;0
13.96;0.0;7.73;Да;Бюджетный;CH;43.0;Мужской;Женат;1.0;15425.3;0
24.09;0.0;32.93;Да;Бесплатный;CC;75.0;Мужской;Женат;0.0;99454.2;0
9.78;0.0;68.62;Нет;Бесплатный;CC;78.0;Мужской;Женат;1.0;23919.1;0
26.35;4.59;86.1;Нет;Бюджетный;CC;73.0;Женский;Одинокий;0.0;78564.7;0
29.2;0.02;29.39;Нет;Бюджетный;CC;40.0;Мужской;Женат;2.0;24329.4;0
16.06;0.0;30.24;Нет;Бюджетный;CH;39.0;Мужской;Женат;1.0;89928.5;0
25.19;8.9;86.23;Да;Бюджетный;CC;74.0;Мужской;Женат;1.0;47927.1;0
13.64;0.0;19.55;Нет;Бесплатный;Auto;19.0;Женский;Женат;0.0;27842.1;1
25.03;7.33;54.8;Да;Бюджетный;CH;55.0;Женский;Одинокий;2.0;8392.14;1
13.77;0.0;47.99;Нет;Бюджетный;CC;58.0;Мужской;Одинокий;2.0;4123.46;0
11.9;0.0;11.94;Нет;Бюджетный;CC;69.0;Женский;Женат;0.0;91198.6;0
4.98;0.0;84.61;Нет;Бесплатный;CC;76.0;Мужской;Женат;2.0;23536.0;0
18.67;0.0;12.22;Да;Бесплатный;CC;39.0;Женский;Женат;1.0;23012.6;0
14.4;0.0;20.97;Нет;Бюджетный;CC;49.0;Женский;Женат;2.0;48334.1;1
0.0;0.0;1.38;Нет;Бесплатный;CC;64.0;Мужской;Женат;1.0;56360.5;1
1.32;0.0;11.25;Да;Бюджетный;Auto;64.0;Женский;Женат;1.0;45682.8;0
13.66;0.0;37.69;Нет;Бесплатный;CC;90.0;Женский;Женат;1.0;2796.07;0
22.77;0.0;28.05;Нет;Бюджетный;Auto;39.0;Мужской;Женат;0.0;29227.8;0
10.51;0.0;5.91;Да;Бесплатный;Auto;67.0;Женский;Одинокий;1.0;9824.75;0
0.0;0.0;4.83;Нет;Бесплатный;CC;59.0;Мужской;Одинокий;0.0;60111.8;1
5.0;0.68;56.11;Да;Бюджетный;CC;19.0;Женский;Одинокий;0.0;50290.7;1
26.05;0.0;114.28;Нет;Бюджетный;CH;97.0;Мужской;Женат;2.0;40844.4;0
1.81;0.0;38.35;Да;Бюджетный;CC;58.0;Мужской;Одинокий;0.0;56286.8;0
19.41;0.55;8.69;Нет;Бесплатный;CC;35.0;Мужской;Одинокий;0.0;25938.5;0
0.0;0.0;2.02;Нет;Бесплатный;CC;25.0;Женский;Одинокий;0.0;30094.6;1
23.38;0.0;32.52;Нет;Бюджетный;CH;77.0;Женский;Одинокий;0.0;34160.5;1
23.17;0.0;44.32;Нет;Бесплатный;Auto;93.0;Женский;Одинокий;0.0;32480.3;0
20.8;0.0;11.99;Нет;Бесплатный;Auto;42.0;Женский;Женат;1.0;62126.4;1
4.81;0.0;52.04;Да;;CC;91.0;Женский;Женат;2.0;8502.99;1
23.06;0.0;5.94;Да;;CC;18.0;Мужской;Женат;0.0;40728.7;0
6.55;0.0;130.34;Нет;;CC;79.0;Женский;Женат;0.0;28021.4;0
9.49;1.7;32.17;Нет;;Auto;44.0;Мужской;Женат;1.0;36638.2;1
0.0;0.0;0.36;Нет;Бюджетный;CC;25.0;Мужской;Женат;0.0;4545.11;1
26.12;5.57;38.06;Да;Бюджетный;CC;44.0;Мужской;Одинокий;2.0;54953.1;0
12.42;0.0;89.79;Да;Бюджетный;CC;60.0;Женский;Женат;1.0;47468.6;1
2.84;0.0;24.45;Да;Бюджетный;CH;71.0;Женский;Женат;2.0;49745.3;0
0.0;0.0;0.58;Да;Бюджетный;CC;78.0;Женский;Женат;2.0;62685.0;1
15.21;0.0;22.15;Да;Бюджетный;CC;70.0;Женский;Женат;1.0;37521.4;0
24.15;0.0;13.0;Нет;Бюджетный;CC;27.0;Мужской;Одинокий;1.0;16712.9;1
14.74;0.0;35.78;Нет;Бюджетный;Auto;77.0;Мужской;Женат;0.0;31852.4;0
7.97;0.0;23.77;Нет;Бесплатный;CC;68.0;Мужской;Одинокий;1.0;83556.7;0
3.17;0.0;58.04;Нет;Бюджетный;CC;57.0;Мужской;Женат;1.0;35075.0;0
19.7;0.0;43.3;Да;Бесплатный;CC;78.0;Женский;Одинокий;0.0;29534.4;1
3.21;0.0;72.49;Да;Бюджетный;CC;58.0;Мужской;Одинокий;1.0;69473.4;0
2.36;0.0;36.91;Да;Бесплатный;CH;61.0;Мужской;Женат;1.0;15865.5;0
2.5;0.0;24.99;Нет;Бюджетный;CH;92.0;Мужской;Женат;0.0;29518.8;0
18.81;0.0;86.99;Нет;Бюджетный;Auto;42.0;Женский;Одинокий;1.0;14740.1;1
6.26;0.0;43.97;Нет;Бесплатный;CC;70.0;Женский;Одинокий;0.0;61639.7;1
22.16;0.0;37.09;Нет;Бесплатный;CC;48.0;Мужской;Одинокий;0.0;12134.7;0
11.91;0.0;134.4;Нет;Бесплатный;CC;57.0;Мужской;Одинокий;2.0;91136.2;0
22.53;0.0;38.36;Нет;Бесплатный;CC;60.0;Женский;Женат;2.0;21380.9;1
16.66;1.92;10.21;Да;Бесплатный;Auto;44.0;Женский;Одинокий;2.0;36824.5;1
26.19;0.0;18.2;Да;Бюджетный;CC;46.0;Мужской;Женат;1.0;44065.4;0
5.66;0.0;10.2;Нет;Бюджетный;Auto;36.0;Женский;Женат;2.0;96283.6;0
20.59;0.0;50.33;Нет;Бюджетный;CC;86.0;Женский;Женат;0.0;2530.76;0
23.79;0.0;85.75;Нет;Бюджетный;CC;86.0;Женский;Женат;2.0;23816.6;1
7.04;0.0;47.93;Нет;Бесплатный;Auto;69.0;Мужской;Женат;1.0;38302.7;0
18.98;0.0;32.9;Да;Бесплатный;CC;69.0;Мужской;Женат;0.0;80417.5;0
11.26;0.0;83.64;Да;Бюджетный;CH;73.0;Женский;Одинокий;2.0;85184.6;1
29.68;4.22;233.99;Да;Бюджетный;Auto;32.0;Женский;Женат;1.0;47211.6;1
19.14;2.35;40.37;Да;Бесплатный;CC;72.0;Женский;Женат;1.0;38788.3;1
3.74;0.0;15.13;Нет;Бюджетный;CC;68.0;Мужской;Женат;0.0;55059.2;0
9.27;0.0;53.37;Да;Бюджетный;CH;73.0;Мужской;Женат;2.0;7010.68;0
3.69;0.0;22.92;Нет;Бюджетный;CH;96.0;Женский;Одинокий;1.0;32005.6;1
9.57;0.0;85.11;Нет;Бесплатный;CC;39.0;Мужской;Одинокий;2.0;32272.7;0
27.62;6.71;35.01;Нет;Бюджетный;Auto;81.0;Женский;Одинокий;2.0;87872.9;1
13.76;0.0;26.92;Нет;Бесплатный;CH;28.0;Мужской;Женат;1.0;43448.0;0
19.88;0.0;91.96;Нет;Бесплатный;Auto;82.0;Женский;Женат;0.0;38687.2;1
11.75;0.0;54.84;Да;Бесплатный;CH;62.0;Женский;Одинокий;2.0;13965.4;1
29.89;0.0;37.42;Нет;Бюджетный;CC;81.0;Женский;Одинокий;0.0;54486.5;1
27.29;0.0;115.79;Да;Бюджетный;CC;56.0;Женский;Одинокий;0.0;42795.9;1
0.0;0.0;4.42;Да;Бюджетный;CH;62.0;Женский;Одинокий;2.0;5197.0;1
23.7;0.0;126.97;Нет;Бесплатный;Auto;83.0;Женский;Женат;0.0;98056.3;1
0.0;0.0;4.39;Нет;Бесплатный;CH;90.0;Мужской;Женат;1.0;5257.65;1
23.78;0.0;114.44;Да;Бюджетный;CH;45.0;Мужской;Женат;2.0;37877.6;0
14.71;0.0;42.14;Да;Бесплатный;CC;27.0;Мужской;Женат;1.0;23234.8;0
4.32;0.0;33.0;Да;Бюджетный;CC;22.0;Мужской;Женат;2.0;33149.2;0
16.19;0.0;160.42;Нет;Бесплатный;CC;39.0;Женский;Женат;1.0;13829.4;0
12.81;5.76;101.56;Нет;Бюджетный;CC;79.0;Женский;Женат;0.0;50530.8;1
0.0;0.0;1.06;Нет;Бесплатный;CH;26.0;Женский;Женат;1.0;81295.5;1
18.19;0.0;19.46;Да;Бесплатный;Auto;81.0;Женский;Женат;1.0;77622.9;1
25.36;0.0;51.25;Нет;Бюджетный;Auto;26.0;Мужской;Одинокий;1.0;72649.3;0
26.67;0.0;71.98;Нет;Бюджетный;CC;73.0;Женский;Женат;0.0;76660.7;0
5.72;0.0;404.42;Нет;Бесплатный;CC;67.0;Женский;Одинокий;1.0;91347.1;1
6.25;0.0;72.56;Нет;Бесплатный;Auto;26.0;Женский;Женат;0.0;57372.4;0
20.92;0.0;9.01;Да;Бюджетный;Auto;72.0;Женский;Одинокий;1.0;73338.0;0
20.8;0.0;36.82;Нет;Бюджетный;CC;55.0;Женский;Женат;0.0;28528.0;0
19.96;9.9;101.09;Да;Бюджетный;CC;66.0;Мужской;Одинокий;0.0;57122.2;1
2.71;0.0;115.74;Нет;Бесплатный;Auto;53.0;Женский;Женат;2.0;64546.4;0
9.89;0.0;53.09;Нет;Бюджетный;CC;59.0;Женский;Женат;0.0;91427.2;1
24.75;1.48;62.63;Да;Бесплатный;CH;45.0;Женский;Одинокий;0.0;50290.7;1
0.44;0.0;122.38;Нет;Бесплатный;Auto;74.0;Мужской;Одинокий;1.0;94449.5;0
0.0;0.0;2.71;Нет;Бесплатный;CH;42.0;Женский;Женат;1.0;82666.3;1
0.0;0.0;1.96;Да;Бюджетный;CC;45.0;Женский;Одинокий;0.0;45057.1;1
6.25;0.0;24.72;Нет;Бесплатный;CC;27.0;Женский;Одинокий;2.0;13094.8;1
0.0;0.0;1.52;Нет;Бесплатный;Auto;18.0;Мужской;Одинокий;2.0;11691.2;1
14.39;0.0;8.04;Нет;;CC;79.0;Женский;Одинокий;2.0;15688.5;1
8.12;0.0;33.23;Да;Бюджетный;CC;60.0;Мужской;Женат;2.0;67933.8;0
5.32;0.0;69.58;Да;Бюджетный;CC;42.0;Мужской;Женат;0.0;42639.1;0
23.41;0.0;85.22;Да;Бесплатный;CH;89.0;Мужской;Одинокий;0.0;51669.0;0
26.69;0.0;9.67;Нет;Бесплатный;CC;79.0;Женский;Одинокий;1.0;94278.7;0
11.97;0.0;30.63;Да;Бюджетный;Auto;61.0;Мужской;Женат;0.0;95132.7;0
0.0;0.0;0.83;Нет;Бюджетный;Auto;75.0;Женский;Женат;2.0;49561.0;1
;;;Нет;Бюджетный;CH;80.0;Мужской;Женат;2.0;95448.6;0
;;;Нет;Бесплатный;Auto;19.0;Мужской;Одинокий;0.0;5930.86;1
17.21;8.94;138.05;Да;Бесплатный;CC;42.0;Мужской;Одинокий;0.0;37661.0;0
2.12;0.0;145.64;Нет;Бюджетный;CC;68.0;Мужской;Одинокий;1.0;92426.5;0
0.0;0.0;3.45;Да;Бюджетный;CH;49.0;Женский;Одинокий;0.0;45818.7;1
17.28;0.0;8.99;Нет;;CC;24.0;Женский;Женат;1.0;33065.0;1
25.59;0.7;49.27;Нет;Бюджетный;CC;76.0;Женский;Женат;1.0;349.09;1
16.16;6.1;13.83;Да;Бюджетный;CC;31.0;Женский;Женат;1.0;99485.3;0
14.61;0.0;74.73;Нет;Бюджетный;CC;68.0;Женский;Женат;2.0;50290.7;1
15.09;0.0;56.9;Нет;Бесплатный;Auto;19.0;Женский;Женат;0.0;68987.5;0
18.13;0.0;83.88;Да;Бесплатный;Auto;85.0;Мужской;Одинокий;1.0;75991.2;0
26.78;0.0;40.47;Нет;Бюджетный;CC;63.0;Женский;Одинокий;1.0;83977.6;1
0.0;0.0;3.51;Нет;Бесплатный;CC;50.0;Женский;Одинокий;0.0;44785.4;1
7.73;0.0;89.81;Нет;Бюджетный;CC;95.0;Мужской;Женат;1.0;58167.3;0
25.5;0.0;5.35;Да;Бюджетный;CC;34.0;Женский;Одинокий;1.0;33671.0;0
7.75;0.0;6.21;Нет;Бюджетный;CC;69.0;Мужской;Женат;0.0;95405.7;0
5.14;0.0;44.81;Да;Бюджетный;CC;20.0;Женский;Женат;2.0;3628.78;0
16.44;0.0;77.76;Да;Бюджетный;CC;74.0;Женский;Женат;2.0;87844.8;1
7.67;0.0;83.08;Нет;Бесплатный;Auto;47.0;Мужской;Женат;2.0;90070.5;0
3.97;0.0;169.07;Нет;Бюджетный;CC;40.0;Женский;Женат;2.0;91051.0;1
6.57;7.0;82.37;Да;Бюджетный;Auto;64.0;Женский;Одинокий;1.0;53357.2;1
15.31;0.0;8.55;Нет;Бюджетный;CC;49.0;Мужской;Одинокий;1.0;63230.3;0
1.83;0.0;34.3;Нет;Бюджетный;CC;46.0;Мужской;Женат;0.0;82196.6;0
16.77;0.0;16.36;Да;Бюджетный;Auto;84.0;Мужской;Одинокий;0.0;34148.6;0
25.42;0.0;56.09;Да;Бюджетный;CH;34.0;Женский;Одинокий;0.0;91147.5;0
8.79;0.0;23.94;Нет;Бюджетный;Auto;62.0;Мужской;Одинокий;2.0;10219.0;0
29.06;0.0;46.27;Нет;Бюджетный;Auto;23.0;Женский;Одинокий;1.0;55844.7;0
7.26;6.12;184.53;Нет;Бесплатный;CH;82.0;Мужской;Одинокий;0.0;48841.4;1
26.73;0.0;57.17;Нет;Бесплатный;CC;76.0;Мужской;Одинокий;1.0;57091.6;0
0.0;0.0;3.4;Нет;Бесплатный;Auto;49.0;Женский;Одинокий;0.0;23660.3;1
4.47;0.0;32.91;Да;Бюджетный;Auto;83.0;Мужской;Женат;1.0;71000.5;0
11.87;0.0;20.85;Нет;Бесплатный;CH;25.0;Мужской;Женат;0.0;94451.7;0
13.67;0.0;38.27;Да;Бесплатный;CH;78.0;Мужской;Одинокий;0.0;54670.4;0
29.36;0.0;13.79;Да;Бесплатный;CH;40.0;Мужской;Одинокий;2.0;33373.9;0
3.24;0.0;42.3;Да;Бюджетный;CC;71.0;Женский;Женат;0.0;67812.8;1
1.58;0.0;19.98;Нет;Бесплатный;CC;52.0;Мужской;Одинокий;0.0;84112.6;0
29.04;0.0;8.28;Нет;Бюджетный;CC;56.0;Мужской;Женат;1.0;7330.68;0
15.92;0.0;6.32;Да;Бюджетный;Auto;44.0;Мужской;Женат;2.0;57430.5;0
8.03;0.0;46.13;Нет;Бюджетный;CC;97.0;Женский;Женат;0.0;2902.34;1
4.27;0.0;57.62;Нет;Бюджетный;CH;54.0;Женский;Женат;0.0;37389.2;1
18.97;0.0;40.78;Нет;Бесплатный;Auto;33.0;Мужской;Женат;2.0;80385.4;0
16.53;0.0;16.49;Нет;Бесплатный;CC;56.0;Мужской;Одинокий;0.0;4841.33;0
10.89;0.0;26.75;Нет;Бесплатный;CH;58.0;Мужской;Женат;0.0;88811.0;0
0.0;0.0;2.36;Нет;Бюджетный;CC;81.0;Мужской;Женат;0.0;23289.7;1
16.22;0.0;53.96;Нет;Бесплатный;CC;43.0;Мужской;Женат;1.0;35827.5;0
10.85;0.0;161.39;Да;Бюджетный;CC;41.0;Женский;Женат;0.0;57307.1;1
27.09;0.0;39.74;Нет;Бюджетный;CC;35.0;Женский;Женат;0.0;77680.0;0
3.35;9.61;136.89;Нет;Бюджетный;CH;68.0;Мужской;Одинокий;1.0;57322.1;1
2.06;0.0;16.6;Нет;Бесплатный;CH;28.0;Мужской;Одинокий;2.0;39700.3;1
29.89;0.85;38.43;Да;Бюджетный;CC;85.0;Мужской;Одинокий;1.0;91100.6;0
13.45;0.0;21.09;Нет;Бесплатный;Auto;77.0;Мужской;Одинокий;0.0;73850.0;0
23.66;7.94;61.0;Нет;Бюджетный;Auto;49.0;Мужской;Женат;1.0;20478.6;1
21.11;0.0;25.9;Нет;Бесплатный;CH;56.0;Мужской;Женат;0.0;55501.6;0
29.42;0.0;54.63;Нет;Бюджетный;CC;81.0;Мужской;Одинокий;1.0;97205.2;0
2.4;0.0;57.13;Нет;Бесплатный;Auto;39.0;Мужской;Женат;0.0;110.28;0
6.23;0.0;16.03;Да;Бюджетный;CC;58.0;Мужской;Женат;1.0;99619.9;0
16.22;0.0;16.77;Да;Бесплатный;CC;46.0;Женский;Одинокий;2.0;41146.2;1
0.0;0.0;2.78;Нет;Бесплатный;CC;50.0;Мужской;Женат;0.0;33043.1;1
28.82;0.0;97.05;Нет;Бесплатный;CC;25.0;Мужской;Одинокий;1.0;24141.5;0
16.81;0.0;80.19;Да;Бесплатный;Auto;71.0;Женский;Женат;0.0;45444.0;0
18.76;0.0;15.29;Да;Бесплатный;CC;73.0;Женский;Женат;2.0;87182.7;1
15.51;0.0;5.1;Нет;Бюджетный;CC;46.0;Мужской;Женат;0.0;34805.5;0
29.54;0.0;98.26;Нет;Бюджетный;CC;50.0;Мужской;Одинокий;2.0;86905.4;0
9.56;0.0;150.24;Нет;Бюджетный;CC;65.0;Женский;Женат;0.0;58345.8;1
14.72;0.0;11.55;Нет;Бесплатный;CC;76.0;Женский;Женат;1.0;87797.5;1
8.86;0.0;72.1;Нет;Бюджетный;CC;92.0;Мужской;Одинокий;2.0;8014.59;0
17.41;0.0;28.13;Нет;Бюджетный;CC;62.0;Мужской;Женат;0.0;50676.0;0
28.8;0.0;142.43;Да;Бесплатный;CC;73.0;Женский;Одинокий;0.0;92405.9;0
16.54;0.0;143.32;Нет;Бесплатный;CH;80.0;Мужской;Женат;1.0;73152.0;0
1.47;0.0;43.98;Нет;Бюджетный;CC;43.0;Женский;Одинокий;1.0;86252.8;1
21.48;0.0;60.38;Нет;Бюджетный;Auto;89.0;Мужской;Одинокий;1.0;73965.2;0
27.45;0.0;8.16;Нет;Бюджетный;CC;20.0;Мужской;Одинокий;1.0;87491.0;0
8.51;0.0;71.08;Нет;Бюджетный;CH;24.0;Женский;Женат;1.0;15041.2;1
1.72;0.0;116.14;Нет;Бюджетный;Auto;34.0;Мужской;Одинокий;2.0;60095.2;0
25.42;0.0;97.38;Да;Бесплатный;CC;33.0;Женский;Женат;1.0;82190.5;0
26.86;0.0;213.18;Нет;Бесплатный;CC;86.0;Мужской;Женат;2.0;78801.2;0
22.29;0.0;16.96;Нет;Бесплатный;CC;74.0;Женский;Одинокий;0.0;94582.3;1
0.0;0.0;0.46;Нет;Бесплатный;CH;77.0;Женский;Одинокий;0.0;36434.3;1
13.12;0.0;43.96;Нет;Бюджетный;CC;75.0;Женский;Женат;0.0;16814.1;0
9.39;0.0;38.97;Нет;Бюджетный;CC;65.0;Мужской;Одинокий;1.0;57626.9;0
5.18;5.64;112.81;Нет;Бесплатный;CH;34.0;Женский;Женат;1.0;73098.7;1
24.05;0.0;17.7;Нет;Бесплатный;CH;78.0;Женский;Одинокий;1.0;88990.6;1
0.0;0.0;4.03;Нет;Бюджетный;CC;57.0;Мужской;Одинокий;0.0;96412.1;1
15.62;0.0;13.69;Да;Бюджетный;CC;60.0;Мужской;Женат;0.0;35125.0;0
23.13;0.0;21.7;Нет;Бесплатный;CC;85.0;Мужской;Одинокий;2.0;96929.8;0
21.08;9.42;6.38;Да;Бюджетный;CH;55.0;Мужской;Одинокий;2.0;50050.5;1
28.58;0.0;91.57;Нет;Бюджетный;CC;75.0;Мужской;Женат;0.0;47131.5;0
4.05;1.16;93.47;Да;Бесплатный;CC;65.0;Женский;Одинокий;0.0;35219.6;1
18.57;0.0;42.9;Нет;Бюджетный;CC;65.0;Мужской;Женат;0.0;50290.7;0
12.05;0.0;13.32;Нет;Бесплатный;Auto;52.0;Женский;Одинокий;0.0;44497.3;1
9.37;0.0;25.15;Нет;Бесплатный;Auto;63.0;Мужской;Женат;2.0;60644.3;0
6.3;0.0;60.52;Нет;Бюджетный;CC;46.0;Мужской;Одинокий;1.0;55634.8;0
0.0;0.0;0.7;Нет;Бесплатный;CC;38.0;Женский;Женат;0.0;87920.5;1
14.48;0.0;53.38;Нет;Бесплатный;CH;23.0;Мужской;Одинокий;0.0;12686.9;1
20.24;0.0;75.84;Нет;Бесплатный;Auto;52.0;Мужской;Одинокий;2.0;37480.8;0
21.4;0.0;14.45;Нет;Бюджетный;CH;32.0;Мужской;Женат;0.0;38038.7;0
17.35;0.0;95.97;Да;Бюджетный;CC;93.0;Женский;Женат;1.0;20013.2;0
12.29;5.13;88.64;Нет;;Auto;73.0;Женский;Женат;0.0;61438.2;1
0.0;0.0;0.72;Нет;Бесплатный;CH;67.0;Женский;Женат;0.0;87765.2;1
1.64;0.0;5.92;Нет;Бюджетный;CH;40.0;Мужской;Одинокий;1.0;66296.1;0
23.31;0.0;83.5;Нет;Бесплатный;CC;59.0;Мужской;Одинокий;0.0;33912.4;0
6.42;0.0;145.39;Да;Бесплатный;CH;61.0;Мужской;Женат;0.0;41063.6;0
18.57;0.0;79.05;Нет;Бесплатный;CH;94.0;Мужской;Одинокий;0.0;79690.8;0
23.62;0.0;84.73;Нет;Бесплатный;CC;29.0;Мужской;Женат;2.0;21288.3;1
29.23;0.0;450.62;Нет;Бесплатный;CH;78.0;Женский;Одинокий;2.0;72800.9;1
14.15;0.0;76.27;Да;Бюджетный;CC;86.0;Мужской;Женат;1.0;12713.3;0
2.05;0.0;98.62;Да;Бюджетный;CH;63.0;Мужской;Одинокий;2.0;16472.4;0
4.72;0.0;57.77;Нет;Бесплатный;Auto;23.0;Женский;Одинокий;2.0;8383.47;1
21.79;0.0;26.08;Да;Бесплатный;Auto;21.0;Мужской;Женат;0.0;63671.3;0
22.44;0.0;107.18;Нет;Бюджетный;CH;25.0;Мужской;Женат;2.0;40774.2;0
24.0;0.0;61.28;Нет;Бюджетный;CH;96.0;Мужской;Женат;1.0;50290.7;0
28.92;0.0;28.71;Нет;Бюджетный;Auto;76.0;Мужской;Женат;2.0;24855.7;0
6.95;0.0;43.76;Да;Бюджетный;CH;94.0;Мужской;Одинокий;2.0;14309.1;0
27.97;0.0;58.09;Нет;Бюджетный;Auto;62.0;Женский;Одинокий;2.0;28787.4;0
2.96;3.3;73.32;Да;Бюджетный;Auto;41.0;Женский;Одинокий;2.0;48271.8;1
3.72;0.0;36.5;Да;Бесплатный;CC;61.0;Мужской;Одинокий;0.0;72385.9;0
29.27;6.33;109.86;Нет;Бесплатный;CH;29.0;Мужской;Одинокий;0.0;18861.6;1
7.71;4.56;43.21;Нет;Бесплатный;CC;74.0;Мужской;Женат;2.0;70908.7;1
10.95;0.0;18.56;Нет;Бюджетный;Auto;59.0;Женский;Одинокий;0.0;41624.7;1
12.56;0.0;73.29;Нет;Бюджетный;CH;69.0;Женский;Одинокий;2.0;67773.9;0
12.06;0.0;27.39;Да;Бесплатный;Auto;41.0;Женский;Женат;1.0;3920.43;0
0.0;0.0;0.49;Да;Бюджетный;CH;57.0;Мужской;Одинокий;1.0;78255.3;1
20.18;9.16;46.26;Нет;Бюджетный;Auto;38.0;Мужской;Женат;2.0;52989.2;1
4.51;0.0;16.36;Нет;Бюджетный;CC;83.0;Женский;Одинокий;1.0;78854.9;1
22.09;6.42;7.53;Да;Бюджетный;CC;55.0;Женский;Одинокий;0.0;91646.6;1
18.51;0.0;27.37;Нет;Бесплатный;CC;97.0;Мужской;Одинокий;1.0;57347.6;0
7.06;0.0;22.0;Нет;Бюджетный;CC;38.0;Женский;Женат;2.0;60060.5;0
19.56;7.76;55.65;Нет;Бюджетный;CH;25.0;Женский;Одинокий;0.0;50290.7;0
13.3;2.88;56.44;Нет;Бюджетный;CC;42.0;Мужской;Женат;0.0;18552.7;1
0.3;7.79;220.98;Да;Бюджетный;CC;49.0;Женский;Одинокий;1.0;60310.6;1
25.65;0.0;15.31;Да;Бюджетный;CH;83.0;Мужской;Женат;1.0;9132.91;0
23.57;0.0;21.68;Нет;Бесплатный;Auto;83.0;Мужской;Женат;1.0;68290.8;0
29.94;0.0;48.61;Нет;Бесплатный;CC;56.0;Женский;Одинокий;1.0;49553.9;1
14.75;0.0;71.14;Да;Бюджетный;CC;54.0;Женский;Женат;2.0;19758.3;0
26.0;0.0;37.13;Да;Бесплатный;CH;79.0;Женский;Одинокий;1.0;87818.3;0
0.0;0.0;3.26;Нет;Бюджетный;Auto;21.0;Женский;Женат;0.0;73701.9;1
15.75;0.0;71.43;Нет;Бесплатный;CH;82.0;Мужской;Женат;0.0;40551.0;0
9.7;1.2;12.18;Нет;Бюджетный;CC;33.0;Женский;Женат;0.0;2974.76;1
13.19;0.0;63.02;Да;Бюджетный;CH;26.0;Мужской;Одинокий;1.0;31166.6;1
28.68;1.37;13.29;Нет;Бюджетный;CC;40.0;Женский;Женат;0.0;47750.4;1
0.0;0.0;3.61;Нет;Бюджетный;CC;33.0;Мужской;Женат;2.0;42763.7;0
26.67;6.97;5.95;Нет;Бюджетный;Auto;41.0;Женский;Женат;1.0;84388.5;1
7.73;0.0;255.24;Нет;Бесплатный;CC;84.0;Мужской;Женат;0.0;50290.7;0
0.0;0.0;3.94;Да;Бюджетный;CC;50.0;Женский;Одинокий;2.0;64632.3;1
22.85;0.0;24.67;Да;Бесплатный;CH;48.0;Мужской;Одинокий;2.0;87381.8;0
8.94;0.99;70.82;Нет;Бесплатный;Auto;29.0;Мужской;Женат;1.0;38230.4;0
6.78;0.0;132.66;Нет;Бесплатный;CC;66.0;Женский;Женат;2.0;41876.6;0
1.89;0.0;13.16;Нет;Бесплатный;CC;43.0;Женский;Одинокий;0.0;96854.3;1
0.0;0.0;3.33;Да;Бюджетный;CC;36.0;Женский;Одинокий;1.0;94083.3;0
3.13;0.0;25.06;Нет;Бесплатный;CC;63.0;Женский;Женат;2.0;84342.2;0
24.61;0.0;21.94;Нет;Бесплатный;CH;68.0;Мужской;Одинокий;1.0;14904.1;0
4.22;0.0;8.33;Нет;Бюджетный;CC;20.0;Женский;Женат;0.0;72626.4;0
28.95;0.0;19.06;Нет;Бесплатный;CC;50.0;Женский;Одинокий;2.0;21396.2;1
12.86;0.0;18.73;Нет;Бюджетный;CC;45.0;Женский;Женат;0.0;59008.4;0
12.6;0.0;14.19;Нет;Бюджетный;CC;23.0;Женский;Одинокий;2.0;48162.0;0
0.0;0.0;4.8;Да;Бюджетный;Auto;74.0;Женский;Женат;2.0;98538.2;1
14.05;4.43;114.32;Нет;Бюджетный;CC;92.0;Женский;Одинокий;2.0;47396.2;1
8.28;0.0;7.92;Да;Бюджетный;Auto;78.0;Мужской;Женат;2.0;92731.3;0
2.72;0.0;14.96;Да;Бесплатный;CC;21.0;Мужской;Женат;2.0;58963.7;0
27.54;0.0;33.83;Да;Бесплатный;Auto;61.0;Женский;Женат;1.0;79685.0;1
6.63;0.0;18.26;Нет;Бесплатный;CC;39.0;Женский;Одинокий;2.0;83996.9;0
14.83;7.8;287.3;Нет;Бюджетный;Auto;40.0;Мужской;Женат;0.0;55714.0;0
17.01;0.0;137.34;Нет;Бесплатный;CC;28.0;Женский;Одинокий;0.0;64335.0;0
10.32;0.0;22.48;Нет;Бюджетный;CC;82.0;Женский;Женат;2.0;72092.3;1
26.46;9.24;53.78;Нет;Бесплатный;CC;25.0;Женский;Женат;0.0;98433.8;1
0.42;7.36;208.2;Нет;Бюджетный;CC;87.0;Женский;Одинокий;0.0;59232.8;1
5.99;7.96;85.21;Нет;Бесплатный;CC;42.0;Мужской;Женат;0.0;4324.22;1
26.29;0.0;35.32;Да;Бюджетный;CC;49.0;Женский;Женат;2.0;48471.1;1
0.0;0.0;2.94;Да;Бюджетный;CC;31.0;Женский;Женат;1.0;43787.0;1
0.0;0.0;2.77;Нет;Бесплатный;CC;55.0;Женский;Женат;1.0;26340.7;1
0.0;0.0;4.34;Нет;Бесплатный;CC;52.0;Мужской;Одинокий;1.0;29870.0;1
23.13;0.0;23.33;Нет;Бюджетный;CC;22.0;Женский;Женат;1.0;25863.8;1
0.0;0.0;0.96;Нет;Бесплатный;CC;66.0;Мужской;Женат;1.0;29672.4;1
28.11;0.0;17.66;Нет;Бесплатный;CC;57.0;Женский;Женат;2.0;64977.4;0
16.5;0.0;5.67;Нет;Бюджетный;CH;37.0;Женский;Одинокий;0.0;71570.3;0
19.73;0.0;71.32;Да;Бесплатный;CC;81.0;Женский;Женат;1.0;70052.0;1
17.73;0.0;5.43;Нет;Бюджетный;CC;45.0;Женский;Женат;0.0;41947.8;0
2.72;0.0;80.27;Нет;Бюджетный;CH;88.0;Женский;Женат;1.0;96090.2;0
24.07;6.98;27.76;Нет;Бюджетный;Auto;28.0;Мужской;Женат;2.0;2056.06;1
0.0;0.0;4.11;Нет;Бесплатный;CC;61.0;Мужской;Одинокий;0.0;5898.9;0
12.75;0.0;109.84;Да;Бесплатный;CH;27.0;Женский;Одинокий;1.0;54370.7;0
22.16;0.09;54.8;Нет;Бюджетный;CC;41.0;Мужской;Одинокий;0.0;85804.3;0
19.29;0.0;10.78;Да;Бюджетный;CC;57.0;Женский;Женат;0.0;81576.2;1
13.91;0.0;155.61;Нет;Бюджетный;CC;80.0;Женский;Женат;1.0;2279.44;0
25.97;0.0;10.95;Нет;Бюджетный;CC;35.0;Женский;Женат;0.0;80659.1;0
29.44;0.0;12.94;Да;Бесплатный;CC;52.0;Женский;Женат;0.0;8370.36;0
28.19;0.0;93.63;Нет;Бесплатный;CH;19.0;Женский;Одинокий;2.0;56438.9;0
13.45;3.77;15.9;Да;Бесплатный;CC;67.0;Женский;Одинокий;0.0;79727.0;1
16.19;0.0;24.43;Нет;Бюджетный;CC;34.0;Мужской;Женат;2.0;14794.3;0
17.42;0.0;31.48;Нет;Бюджетный;CH;41.0;Мужской;Женат;0.0;63985.0;0
24.73;0.0;21.17;Нет;Бюджетный;CC;28.0;Мужской;Одинокий;0.0;37135.5;1
1.28;0.0;55.97;Нет;Бесплатный;CC;82.0;Мужской;Одинокий;2.0;50290.7;0
0.72;0.0;28.7;Нет;Бесплатный;Auto;97.0;Мужской;Одинокий;0.0;75854.9;0
0.0;0.0;4.14;Нет;Бюджетный;Auto;52.0;Женский;Женат;0.0;85073.7;1
5.38;8.83;33.59;Нет;Бюджетный;Auto;70.0;Мужской;Одинокий;2.0;66649.2;0
16.62;7.88;16.06;Нет;Бесплатный;CH;47.0;Мужской;Одинокий;0.0;4961.5;0
24.14;0.0;40.52;Нет;Бюджетный;Auto;38.0;Мужской;Одинокий;2.0;58087.5;0
29.86;0.0;25.83;Нет;Бесплатный;CC;27.0;Женский;Женат;1.0;83682.9;0
24.03;0.0;10.38;Нет;Бесплатный;CC;34.0;Мужской;Одинокий;0.0;50290.7;0
1.82;0.0;90.25;Нет;;;79.0;Женский;Женат;0.0;8090.4;1
20.77;0.0;38.15;Нет;Бесплатный;Auto;71.0;Мужской;Одинокий;1.0;37248.6;0
3.52;0.0;49.65;Да;Бюджетный;CC;58.0;Женский;Одинокий;1.0;53357.4;0
4.28;0.0;76.62;Нет;Бюджетный;CC;25.0;Женский;Одинокий;2.0;61463.7;0
5.73;0.0;294.6;Нет;Бесплатный;CC;49.0;Женский;Женат;2.0;69865.2;1
19.78;0.0;57.62;Да;Бесплатный;CC;73.0;Женский;Одинокий;0.0;23832.0;0
10.69;0.0;38.39;Нет;Бюджетный;CH;23.0;Мужской;Женат;2.0;24457.6;1
21.41;7.62;66.79;Да;Бюджетный;CC;69.0;Мужской;Женат;0.0;67108.3;1
27.04;0.91;14.64;Да;Бесплатный;Auto;91.0;Мужской;Женат;0.0;17527.3;0
25.99;0.0;26.7;Нет;Бесплатный;CH;94.0;Мужской;Одинокий;0.0;44927.0;0
27.06;1.98;78.38;Нет;Бесплатный;CC;57.0;Женский;Женат;0.0;57255.4;1
9.39;0.0;21.32;Да;Бесплатный;CC;33.0;Женский;Женат;1.0;33967.7;0
18.45;0.0;65.57;Нет;Бесплатный;CH;38.0;Женский;Женат;1.0;50290.7;0
7.55;0.0;36.36;Да;Бюджетный;CC;55.0;Женский;Одинокий;2.0;51744.2;0
12.69;0.0;5.06;Нет;Бюджетный;CC;44.0;Женский;Женат;0.0;1461.98;1
13.15;0.0;33.94;Нет;Бесплатный;CH;37.0;Мужской;Одинокий;1.0;13126.9;0
9.44;0.0;80.65;Нет;Бюджетный;CH;82.0;Женский;Одинокий;1.0;79009.7;0
8.38;0.0;16.44;Нет;Бюджетный;CC;58.0;Мужской;Женат;2.0;61334.8;0
16.36;0.0;26.88;Да;Бесплатный;CC;84.0;Мужской;Женат;0.0;94243.8;0
9.58;0.0;241.72;Да;Бесплатный;CC;88.0;Женский;Одинокий;1.0;46056.8;0
5.33;0.0;33.21;Нет;Бюджетный;Auto;21.0;Женский;Женат;2.0;82056.6;0
0.0;0.0;0.08;Да;Бесплатный;CC;51.0;Женский;Женат;1.0;62990.7;1
14.74;0.0;147.29;Да;Бюджетный;CC;19.0;Женский;Женат;1.0;16915.2;1
0.58;0.0;203.52;Нет;Бесплатный;CC;67.0;Женский;Женат;2.0;88177.1;1
25.23;0.94;65.51;Да;;;;;Женат;1.0;7071.46;1
0.45;0.0;73.01;Нет;Бесплатный;Auto;88.0;Женский;Женат;2.0;73865.9;1
16.37;0.05;49.19;Нет;Бюджетный;CC;48.0;Мужской;Одинокий;1.0;98360.6;0
21.06;0.0;8.96;Нет;Бесплатный;CH;20.0;Мужской;Женат;2.0;66312.2;0
0.0;0.0;1.01;Нет;Бесплатный;Auto;18.0;Женский;Женат;2.0;64726.8;0
4.79;0.0;60.84;Да;Бюджетный;CH;54.0;Мужской;Женат;0.0;4755.27;0
11.53;0.0;7.04;Нет;Бесплатный;CH;23.0;Мужской;Женат;2.0;25672.6;1
0.0;0.0;1.46;Нет;Бесплатный;CH;21.0;Мужской;Одинокий;0.0;15924.2;0
26.83;0.0;19.27;Нет;Бюджетный;CC;85.0;Мужской;Одинокий;2.0;25353.4;0
8.67;0.0;10.3;Нет;Бесплатный;Auto;55.0;Мужской;Одинокий;0.0;30751.8;0
10.66;0.6;286.24;Нет;Бюджетный;CC;64.0;Женский;Женат;1.0;79734.6;1
25.56;0.0;53.2;Нет;Бесплатный;CH;26.0;Мужской;Одинокий;0.0;34129.2;1
23.65;0.0;21.89;Нет;Бюджетный;CC;84.0;Мужской;Женат;1.0;68273.3;0
0.0;0.0;2.98;Да;Бесплатный;CH;68.0;Мужской;Женат;0.0;14955.8;1
0.0;0.0;3.95;Нет;Бюджетный;CH;95.0;Женский;Женат;0.0;11020.3;1
5.56;0.0;9.36;;;CC;68.0;Женский;Женат;2.0;81000.9;1
21.92;0.0;12.64;;;CC;48.0;Мужской;Женат;0.0;39598.7;0
24.35;0.0;62.83;Нет;Бюджетный;CC;37.0;Женский;Одинокий;2.0;4988.14;0
11.68;0.0;51.92;Да;Бесплатный;CH;57.0;Мужской;Женат;2.0;66634.9;0
13.96;0.0;27.69;Да;Бесплатный;CC;34.0;Мужской;Одинокий;2.0;9229.55;0
26.57;0.0;25.27;Нет;Бесплатный;CC;81.0;Женский;Женат;0.0;71816.1;0
2.37;9.95;81.77;Нет;Бесплатный;Auto;35.0;Мужской;Женат;2.0;15269.1;0
4.43;0.0;16.35;Нет;Бюджетный;CC;29.0;Мужской;Женат;2.0;98734.7;0
15.14;0.0;23.12;Нет;Бесплатный;CC;62.0;Женский;Одинокий;0.0;69977.3;1
23.29;0.0;41.35;Да;Бюджетный;CH;27.0;Женский;Одинокий;1.0;92718.6;0
16.14;0.0;56.41;Да;Бесплатный;Auto;90.0;Мужской;Женат;0.0;60550.5;0
14.25;0.0;116.07;Нет;Бюджетный;Auto;55.0;Мужской;Женат;1.0;86537.4;0
17.52;0.0;47.51;Нет;Бюджетный;CH;43.0;Мужской;Одинокий;2.0;57976.7;0
17.34;0.0;9.32;Да;Бюджетный;CH;44.0;Женский;Одинокий;2.0;17689.2;1
25.39;0.0;7.5;Нет;Бесплатный;CC;79.0;Женский;Одинокий;0.0;7379.6;1
12.33;9.92;64.0;Нет;Бесплатный;CH;33.0;Женский;Одинокий;2.0;13669.8;0
25.29;0.0;46.73;Нет;Бесплатный;CH;84.0;Женский;Женат;0.0;87840.6;1
0.0;0.0;4.02;Нет;Бесплатный;CC;18.0;Женский;Женат;1.0;67112.7;0
28.71;0.0;61.49;Да;Бюджетный;Auto;54.0;Мужской;Одинокий;1.0;13428.5;0
10.77;0.0;76.41;Нет;Бесплатный;CC;83.0;Мужской;Женат;0.0;14604.9;0
16.15;0.0;145.35;Нет;Бюджетный;CC;62.0;Женский;Одинокий;0.0;72358.6;0
0.0;0.0;0.82;Да;Бесплатный;CC;86.0;Мужской;Женат;1.0;87073.1;1
17.15;0.0;148.6;Нет;Бесплатный;CH;31.0;Женский;Женат;1.0;82388.2;0
3.53;0.0;257.19;Нет;Бюджетный;CC;45.0;Женский;Женат;2.0;67085.4;1
10.8;0.0;42.79;Нет;Бюджетный;CC;87.0;Мужской;Одинокий;1.0;22718.6;0
22.82;0.0;63.3;Нет;Бесплатный;CC;84.0;Женский;Одинокий;1.0;60362.1;1
18.57;0.0;135.35;Нет;Бесплатный;CC;33.0;Мужской;Женат;2.0;32573.8;0
28.05;0.0;66.65;Да;Бесплатный;CC;20.0;Мужской;Одинокий;1.0;44469.6;0
24.29;0.0;13.73;Нет;Бюджетный;Auto;62.0;Мужской;Одинокий;2.0;49059.4;0
20.62;0.1;69.55;Нет;Бюджетный;CC;31.0;Мужской;Одинокий;1.0;28464.0;0
26.0;0.0;9.95;Нет;Бюджетный;CC;63.0;Мужской;Женат;0.0;50290.7;0
5.27;0.0;59.67;Да;Бюджетный;CC;74.0;Мужской;Одинокий;0.0;2825.56;0
4.45;7.27;296.63;Да;Бесплатный;CH;46.0;Женский;Женат;0.0;34437.2;1
9.36;0.0;15.76;Нет;Бюджетный;CH;19.0;Мужской;Женат;2.0;22567.9;0
16.8;0.0;268.96;Нет;Бюджетный;CC;47.0;Мужской;Одинокий;2.0;23511.4;0
0.49;0.0;51.83;Нет;Бесплатный;CC;49.0;Мужской;Женат;0.0;11131.6;0
28.16;0.0;249.96;Нет;Бесплатный;CC;86.0;Женский;Одинокий;2.0;84453.1;0
0.0;0.0;3.73;Нет;Бюджетный;CC;46.0;Мужской;Женат;2.0;32811.6;1
27.08;0.0;15.14;Нет;Бюджетный;CC;94.0;Мужской;Женат;2.0;49022.9;0
9.01;0.0;38.16;Нет;Бесплатный;CH;88.0;Мужской;Одинокий;2.0;6704.78;0
8.32;0.0;29.32;Нет;Бесплатный;CC;78.0;Женский;Женат;0.0;16840.7;0
14.28;0.0;113.55;Да;Бюджетный;CC;34.0;Женский;Женат;2.0;94778.3;0
18.22;0.0;122.35;Нет;Бесплатный;CC;28.0;Мужской;Женат;0.0;96563.5;0
8.26;0.0;41.11;Да;Бесплатный;Auto;44.0;Мужской;Одинокий;2.0;31264.5;0
11.41;0.0;128.12;Да;Бесплатный;CC;93.0;Женский;Одинокий;1.0;21395.2;1
6.19;4.48;7.83;Нет;Бесплатный;CH;70.0;Мужской;Женат;1.0;74381.5;1
16.75;0.0;262.64;Да;Бюджетный;CC;37.0;Женский;Одинокий;2.0;34567.0;0
0.0;0.0;1.45;Нет;Бюджетный;CC;56.0;Мужской;Женат;2.0;11607.6;1
10.26;0.0;163.85;Нет;Бюджетный;CC;86.0;Женский;Одинокий;0.0;99514.6;1
13.24;2.92;16.02;Да;Бесплатный;CC;83.0;Женский;Женат;2.0;85022.1;1
28.64;0.0;9.82;Нет;Бесплатный;CC;59.0;Женский;Одинокий;1.0;61205.6;1
0.18;0.0;6.51;Да;Бесплатный;CC;62.0;Женский;Женат;0.0;37121.7;1
18.32;5.68;31.28;Нет;Бесплатный;CC;56.0;Мужской;Одинокий;0.0;44143.1;1
28.56;0.0;14.04;Да;Бюджетный;CC;38.0;Женский;Женат;2.0;84653.1;0
8.72;0.0;8.47;Да;Бесплатный;CC;27.0;Мужской;Одинокий;0.0;86631.9;0
25.72;0.0;73.71;Нет;Бюджетный;CC;67.0;Мужской;Одинокий;1.0;80982.7;0
0.34;0.0;10.98;Нет;Бюджетный;CC;42.0;Мужской;Одинокий;1.0;93645.3;0
0.0;0.0;0.28;Да;Бесплатный;CC;85.0;Мужской;Одинокий;0.0;8372.23;1
9.79;0.0;13.66;Нет;Бюджетный;Auto;21.0;Женский;Женат;0.0;77210.6;0
0.0;0.0;1.48;Нет;Бюджетный;CH;94.0;Мужской;Одинокий;0.0;13946.8;0
26.73;0.0;20.46;Нет;Бюджетный;CH;32.0;Мужской;Женат;2.0;70722.3;0
13.64;0.0;16.21;Да;Бюджетный;Auto;70.0;Женский;Одинокий;2.0;15080.4;0
0.0;0.0;0.73;Нет;Бесплатный;CC;75.0;Женский;Женат;0.0;41138.2;1
9.79;8.8;72.62;Нет;Бюджетный;CC;69.0;Женский;Женат;0.0;10250.1;1
27.88;0.0;13.13;Нет;;Auto;46.0;Женский;Женат;0.0;94576.2;1
29.74;5.24;35.73;Нет;Бюджетный;CC;40.0;Мужской;Одинокий;0.0;5282.6;1
28.62;0.0;59.52;Нет;Бюджетный;CC;97.0;Мужской;Женат;2.0;47333.3;0
3.71;0.26;11.87;Нет;Бюджетный;CC;58.0;Женский;Женат;1.0;16350.3;0
26.86;0.0;14.57;Нет;Бесплатный;CC;53.0;Женский;Одинокий;2.0;26107.5;1
23.18;5.53;72.96;Нет;Бюджетный;CC;32.0;Мужской;Женат;0.0;54430.2;1
1.13;4.7;57.62;Нет;Бюджетный;Auto;59.0;Женский;Одинокий;1.0;69454.6;1
8.46;0.0;116.25;Нет;Бюджетный;Auto;94.0;Мужской;Женат;0.0;87630.5;0
22.17;0.58;13.46;Нет;Бюджетный;Auto;94.0;Женский;Одинокий;1.0;17540.7;1
8.19;0.0;190.78;Да;Бесплатный;CC;33.0;Женский;Одинокий;1.0;68339.3;0
19.33;0.0;12.21;Да;Бюджетный;CC;34.0;Женский;Женат;0.0;32657.7;0
26.55;2.65;17.36;Нет;Бюджетный;CC;45.0;Женский;Женат;1.0;8469.02;1
27.43;0.0;42.53;Нет;Бюджетный;CC;53.0;Мужской;Женат;2.0;14500.3;0
14.7;0.0;17.87;Да;Бюджетный;Auto;30.0;Женский;Одинокий;1.0;73334.3;0
11.0;0.0;87.13;Нет;Бюджетный;CC;42.0;Мужской;Женат;0.0;69463.1;0
27.23;8.07;6.68;Нет;Бесплатный;Auto;94.0;Женский;Женат;2.0;17964.0;1
7.25;0.0;10.99;Нет;Бесплатный;CC;30.0;Женский;Женат;2.0;45171.2;0
6.53;0.0;13.85;Да;Бесплатный;CH;27.0;Мужской;Женат;2.0;16875.9;1
12.63;0.0;37.34;Нет;Бюджетный;CC;81.0;Мужской;Одинокий;0.0;44073.5;0
14.77;0.0;63.9;Нет;Бесплатный;CC;56.0;Женский;Женат;0.0;58641.2;0
25.67;0.0;25.95;Нет;Бесплатный;CH;86.0;Мужской;Женат;2.0;88392.0;0
6.2;0.0;41.75;Нет;Бесплатный;Auto;52.0;Женский;Женат;1.0;24943.0;1
15.33;0.0;61.86;Нет;Бесплатный;CC;21.0;Женский;Женат;1.0;73138.8;0
23.9;0.0;19.67;Да;Бюджетный;CH;29.0;Женский;Женат;2.0;79960.0;0
2.48;0.0;21.58;Да;Бесплатный;CC;83.0;Мужской;Одинокий;0.0;52774.0;0
24.96;0.0;82.9;Да;Бесплатный;CC;71.0;Женский;Одинокий;1.0;61302.0;0
14.77;0.0;101.05;Нет;Бесплатный;CC;25.0;Мужской;Одинокий;2.0;51268.5;0
17.8;0.0;12.56;Нет;Бесплатный;CC;58.0;Женский;Женат;2.0;29597.1;0
0.0;0.0;2.31;Нет;Бюджетный;Auto;61.0;Женский;Женат;1.0;79324.7;1
11.97;0.0;25.59;Нет;Бесплатный;CC;66.0;Мужской;Женат;2.0;76161.4;0
19.52;0.0;86.45;Да;Бюджетный;CH;82.0;Женский;Одинокий;0.0;17491.4;1
16.07;1.54;130.35;Нет;Бюджетный;CC;77.0;Женский;Женат;2.0;37155.0;1
26.22;0.0;19.72;Да;Бюджетный;CC;29.0;Мужской;Женат;0.0;97996.9;0
5.01;7.92;24.42;Да;Бюджетный;Auto;72.0;Мужской;Одинокий;0.0;22150.8;0
0.0;0.0;3.71;Нет;Бюджетный;CC;19.0;Женский;Одинокий;1.0;90205.6;1
3.6;0.0;11.15;Нет;Бюджетный;CH;59.0;Мужской;Женат;0.0;77177.1;0
24.03;0.0;129.43;Да;Бесплатный;CC;90.0;Мужской;Одинокий;0.0;8513.14;0
0.0;0.0;1.86;Нет;Бюджетный;CH;63.0;Мужской;Одинокий;0.0;37120.0;1
19.71;0.0;28.71;Нет;Бюджетный;CC;60.0;Мужской;Одинокий;0.0;67477.0;0
25.04;0.0;30.89;Нет;Бюджетный;CC;49.0;Мужской;Одинокий;0.0;20730.7;0
28.82;0.0;37.07;Нет;Бюджетный;Auto;33.0;Мужской;Одинокий;1.0;53883.9;0
22.07;0.0;140.86;Нет;Бюджетный;CH;29.0;Женский;Одинокий;1.0;73874.1;0
9.06;0.0;34.62;Нет;Бюджетный;CC;69.0;Женский;Женат;2.0;22925.1;1
22.15;0.0;8.92;Да;Бюджетный;CC;35.0;Мужской;Женат;1.0;38997.7;0
2.5;0.0;31.99;Нет;Бесплатный;Auto;67.0;Мужской;Женат;0.0;26369.2;0
20.76;0.0;43.3;Нет;Бюджетный;CC;64.0;Женский;Женат;2.0;25796.5;1
24.84;0.0;81.98;Нет;Бесплатный;CH;44.0;Женский;Женат;2.0;92285.4;0
4.23;0.0;114.26;Да;Бесплатный;CH;34.0;Женский;Женат;2.0;16616.3;0
8.33;0.0;58.89;Нет;Бюджетный;Auto;43.0;Женский;Женат;1.0;32806.3;1
29.55;0.0;62.82;Нет;Бюджетный;CH;78.0;Женский;Женат;2.0;26449.8;1
0.0;0.0;2.27;Нет;Бюджетный;Auto;93.0;Мужской;Одинокий;0.0;44173.9;1
2.41;0.0;50.51;Нет;Бюджетный;Auto;61.0;Женский;Женат;2.0;30998.8;0
23.93;0.0;47.48;Да;Бесплатный;CH;23.0;Женский;Одинокий;1.0;14082.0;1
0.0;0.0;0.05;Нет;Бюджетный;CC;75.0;Женский;Женат;1.0;59251.0;1
10.61;0.13;159.89;Да;Бюджетный;Auto;40.0;Мужской;Одинокий;2.0;88943.9;0
25.44;0.0;241.05;Да;Бюджетный;CC;34.0;Мужской;Женат;0.0;73834.9;0
19.41;4.5;21.2;Да;Бесплатный;CC;80.0;Женский;Женат;1.0;17755.4;1
14.6;0.0;41.66;Да;Бюджетный;CC;33.0;Мужской;Женат;0.0;28000.4;0
0.82;0.0;103.01;Нет;Бесплатный;CC;90.0;Женский;Женат;1.0;60034.9;0
4.82;0.0;34.76;Нет;Бесплатный;Auto;38.0;Мужской;Женат;0.0;66742.3;0
28.58;0.0;160.27;Да;Бюджетный;CH;63.0;Мужской;Женат;0.0;97603.6;0
0.0;0.0;3.47;Да;Бесплатный;CC;65.0;Женский;Одинокий;2.0;85048.1;1
25.15;0.0;62.76;Нет;Бюджетный;CH;63.0;Женский;Одинокий;2.0;25200.8;0
22.29;6.46;15.87;Да;Бюджетный;Auto;80.0;Женский;Женат;1.0;26609.9;1
4.8;8.0;13.25;Нет;Бюджетный;CC;74.0;Мужской;Женат;1.0;60933.9;1
0.0;0.0;3.54;Да;Бесплатный;CC;81.0;Мужской;Одинокий;2.0;3714.96;1
24.64;0.0;5.49;Нет;Бюджетный;CC;96.0;Мужской;Женат;0.0;61550.6;0
8.21;9.63;45.67;Нет;Бесплатный;Auto;75.0;Мужской;Женат;1.0;97180.4;1
15.55;5.87;15.59;Да;Бесплатный;CC;69.0;Мужской;Женат;0.0;4684.74;1
4.32;0.63;66.91;Да;Бесплатный;CH;87.0;Мужской;Женат;0.0;98127.6;0
15.15;0.0;22.39;Нет;Бюджетный;Auto;37.0;Мужской;Одинокий;0.0;79245.1;0
7.95;0.0;118.24;Нет;Бюджетный;Auto;87.0;Женский;Одинокий;0.0;20409.0;1
23.13;5.6;96.18;Нет;Бюджетный;CH;65.0;Мужской;Женат;1.0;82783.8;0
12.29;7.8;47.46;Нет;Бюджетный;CC;75.0;Мужской;Женат;2.0;17562.9;0
0.0;0.0;3.54;Да;Бесплатный;Auto;68.0;Мужской;Женат;1.0;27677.8;0
8.86;4.44;43.64;Да;Бюджетный;CH;55.0;Мужской;Одинокий;2.0;85753.8;1
11.4;0.0;62.53;Нет;Бюджетный;CC;88.0;Мужской;Женат;1.0;43378.2;0
8.39;0.0;26.48;Нет;Бесплатный;Auto;91.0;Женский;Женат;0.0;82001.8;0
17.9;0.0;20.89;Нет;Бесплатный;CC;40.0;Мужской;Женат;0.0;77717.1;0
18.61;0.0;33.54;Нет;Бюджетный;CC;91.0;Мужской;Женат;1.0;16785.9;0
22.47;4.17;43.34;Нет;Бюджетный;CC;20.0;Женский;Женат;2.0;88427.0;0
0.0;0.0;1.18;Да;Бесплатный;Auto;87.0;Мужской;Одинокий;1.0;85705.8;0
0.0;0.0;3.09;Да;Бесплатный;Auto;46.0;Женский;Женат;0.0;46734.5;1
20.45;0.0;39.33;Да;Бюджетный;CH;76.0;Женский;Женат;2.0;42031.8;0
20.7;0.0;5.17;Нет;Бюджетный;CH;35.0;Мужской;Женат;2.0;42623.5;0
18.03;0.0;57.29;Да;Бесплатный;CC;71.0;Мужской;Женат;2.0;36439.8;0
0.0;0.0;4.11;Да;Бесплатный;CH;79.0;Женский;Одинокий;1.0;38777.7;1
14.15;0.0;108.43;Да;Бесплатный;Auto;39.0;Женский;Одинокий;0.0;16829.6;0
28.37;0.0;40.77;Нет;Бюджетный;CC;37.0;Женский;Женат;0.0;46812.7;0
25.86;0.0;51.73;Нет;Бюджетный;Auto;64.0;Женский;Одинокий;0.0;97524.5;1
14.69;0.0;172.53;Да;Бюджетный;CC;64.0;Мужской;Одинокий;0.0;79937.2;0
21.33;0.0;35.85;Нет;Бюджетный;CC;21.0;Женский;Женат;2.0;30763.8;1
9.65;0.0;158.34;Да;Бесплатный;CC;46.0;Мужской;Одинокий;1.0;11416.7;0
7.89;0.0;21.73;Да;Бесплатный;CC;46.0;Мужской;Женат;0.0;93996.8;0
20.32;0.0;90.7;Нет;Бюджетный;CH;22.0;Женский;Одинокий;2.0;80571.6;0
22.18;0.0;149.73;Нет;Бесплатный;CC;41.0;Мужской;Одинокий;1.0;52231.5;0
25.33;0.0;51.0;Нет;Бесплатный;Auto;35.0;Мужской;Женат;1.0;32238.2;0
8.05;0.0;19.29;Да;Бюджетный;CC;85.0;Мужской;Одинокий;0.0;89788.0;0
18.88;0.0;96.3;Нет;Бесплатный;CH;79.0;Мужской;Женат;1.0;37571.1;0
22.08;0.0;13.82;Нет;Бесплатный;CC;57.0;Мужской;Одинокий;1.0;41153.9;0
21.05;0.0;28.38;Нет;Бюджетный;CC;97.0;Мужской;Женат;0.0;45871.4;0
26.28;0.0;71.93;Да;Бесплатный;CC;55.0;Женский;Одинокий;0.0;95489.4;1
11.81;0.64;5.74;Нет;Бесплатный;CC;97.0;Мужской;Женат;0.0;96223.4;0
13.2;0.0;14.73;Да;Бюджетный;CC;29.0;Женский;Женат;0.0;58267.3;0
17.26;0.0;75.58;Нет;Бесплатный;Auto;91.0;Мужской;Одинокий;2.0;;0
11.39;0.0;103.07;Да;Бюджетный;CC;68.0;Мужской;Одинокий;0.0;3409.01;0
0.0;0.0;3.81;Нет;;CC;25.0;Женский;Женат;1.0;10107.7;1
0.1;0.0;29.74;Нет;Бюджетный;CC;59.0;Женский;Женат;0.0;50290.7;1
18.79;0.0;45.63;Нет;Бесплатный;CC;48.0;Мужской;Женат;1.0;75818.9;0
25.23;0.0;45.86;Да;Бесплатный;CC;70.0;Мужской;Женат;2.0;52921.0;0
21.69;3.46;17.38;Нет;Бесплатный;CC;93.0;Мужской;Женат;1.0;76511.3;1
7.46;0.0;18.7;Да;Бесплатный;CC;79.0;;;;34994.1;0
27.09;0.0;87.26;Да;Бюджетный;Auto;59.0;Мужской;Женат;2.0;40714.5;0
12.2;0.0;109.8;Нет;Бесплатный;CC;85.0;Мужской;Женат;0.0;18909.5;0
14.14;0.0;30.33;Нет;Бесплатный;Auto;30.0;Женский;Женат;0.0;20058.4;0
22.9;0.0;22.71;Да;Бюджетный;CH;36.0;Женский;Женат;1.0;5283.2;0
19.06;0.36;15.98;Нет;Бюджетный;Auto;40.0;Мужской;Женат;1.0;62789.9;0
17.13;0.0;14.07;Да;Бесплатный;CH;37.0;Мужской;Женат;0.0;52355.1;0
15.01;0.0;45.93;Нет;Бюджетный;Auto;95.0;Мужской;Женат;2.0;21213.0;0
28.7;0.0;60.35;Нет;Бесплатный;Auto;71.0;Мужской;Женат;1.0;8073.11;0
19.85;0.0;12.58;Да;Бюджетный;Auto;48.0;Женский;Одинокий;1.0;55035.5;1
24.15;3.11;7.87;Нет;Бесплатный;CC;30.0;Женский;Женат;1.0;69341.7;1
16.38;0.0;9.73;Нет;Бюджетный;CC;63.0;Женский;Одинокий;0.0;3902.04;0
5.25;7.52;86.33;Нет;Бесплатный;CH;57.0;Женский;Женат;2.0;27535.3;1
15.2;0.0;295.31;Нет;Бесплатный;CC;71.0;Мужской;Женат;1.0;98967.7;0
5.93;5.06;6.25;Нет;Бесплатный;CC;26.0;Мужской;Одинокий;1.0;85774.3;1
28.48;0.0;23.4;Нет;Бюджетный;Auto;30.0;Мужской;Женат;1.0;3578.0;0
14.1;0.0;17.54;Да;Бесплатный;CH;94.0;Женский;Одинокий;1.0;51269.9;1
20.85;0.0;51.87;Нет;Бесплатный;CC;95.0;Мужской;Женат;1.0;65745.1;0
27.83;5.2;48.7;Да;Бесплатный;CC;25.0;Мужской;Женат;2.0;67339.8;0
4.2;0.0;114.63;Нет;Бюджетный;CH;81.0;Женский;Женат;2.0;3193.6;1
25.63;0.0;5.34;Нет;Бюджетный;CC;51.0;Мужской;Одинокий;0.0;2630.4;0
11.06;0.0;30.23;Нет;Бюджетный;CC;29.0;Мужской;Женат;1.0;69294.7;0
12.51;0.0;68.02;Нет;Бесплатный;CC;84.0;Мужской;Женат;0.0;88164.0;0
23.99;4.35;39.56;Нет;Бесплатный;Auto;79.0;Женский;Женат;0.0;2759.49;1
22.8;0.0;20.26;Да;Бюджетный;CC;88.0;Мужской;Женат;1.0;13091.6;0
25.11;8.39;38.65;Да;Бесплатный;Auto;82.0;Женский;Одинокий;0.0;65670.0;0
26.96;0.31;79.55;Нет;Бюджетный;CC;31.0;Мужской;Одинокий;2.0;14690.1;0
0.0;0.0;4.87;Нет;Бесплатный;CH;19.0;Мужской;Женат;0.0;76071.2;1
0.75;2.93;18.9;Нет;Бесплатный;CC;20.0;Мужской;Женат;1.0;99398.1;1
13.36;0.0;167.64;Нет;Бюджетный;CC;30.0;Женский;Женат;1.0;82743.0;0
0.0;0.0;1.35;Да;Бесплатный;CC;75.0;Женский;Одинокий;1.0;16326.7;1
26.78;0.0;58.36;Нет;Бюджетный;CC;97.0;Женский;Женат;1.0;51812.2;1
3.75;0.0;9.26;Да;Бесплатный;CC;27.0;Мужской;Одинокий;1.0;86608.5;0
11.06;0.0;40.82;Нет;Бюджетный;CC;27.0;Мужской;Одинокий;2.0;4335.86;1
16.47;1.53;90.45;Нет;Бюджетный;CH;53.0;Мужской;Женат;1.0;34317.6;1
14.13;0.0;7.71;Нет;Бюджетный;Auto;67.0;Мужской;Одинокий;0.0;88874.0;0
0.0;0.0;4.32;Нет;Бесплатный;CH;90.0;Мужской;Одинокий;2.0;42504.3;1
0.0;0.0;0.84;Да;Бесплатный;CH;22.0;Мужской;Одинокий;1.0;15434.3;1
26.46;0.0;95.68;Да;Бесплатный;Auto;77.0;Мужской;Женат;1.0;31841.7;0
29.07;0.0;23.0;Нет;Бюджетный;CC;32.0;Женский;Одинокий;2.0;5108.57;0
19.29;0.0;59.47;Нет;Бесплатный;CC;23.0;Женский;Одинокий;1.0;63712.1;0
15.26;0.0;99.36;Нет;Бюджетный;Auto;27.0;Мужской;Женат;2.0;50290.7;0
5.52;0.0;16.05;Нет;Бесплатный;CC;18.0;Мужской;Одинокий;2.0;19546.6;0
23.09;0.0;38.29;Нет;Бюджетный;CC;40.0;Женский;Женат;1.0;21126.7;1
0.27;0.0;25.79;Нет;Бесплатный;CC;70.0;Мужской;Одинокий;2.0;14799.8;0
3.1;0.0;6.43;Нет;Бюджетный;CC;65.0;Мужской;Женат;0.0;30057.4;0
9.17;0.0;13.61;Нет;Бюджетный;CH;25.0;Мужской;Женат;0.0;52366.4;0
6.99;0.0;64.41;Нет;Бюджетный;CC;76.0;Мужской;Одинокий;2.0;59592.6;0
1.74;0.0;30.12;Нет;Бюджетный;CC;43.0;Женский;Женат;2.0;22781.6;1
24.58;0.0;80.75;Нет;Бесплатный;Auto;71.0;Мужской;Женат;2.0;99064.0;0
1.77;0.0;98.71;Нет;Бесплатный;CC;29.0;Мужской;Одинокий;0.0;49127.2;0
7.54;0.0;82.85;Нет;Бюджетный;CH;42.0;Женский;Одинокий;0.0;74342.9;1
0.0;0.0;4.21;Да;Бесплатный;CC;70.0;Женский;Женат;1.0;6388.65;1
18.07;0.0;23.06;Нет;Бесплатный;CC;42.0;Женский;Женат;1.0;79763.6;0
11.06;0.0;50.85;Нет;Бесплатный;CC;64.0;Женский;Одинокий;1.0;7737.94;1
24.89;0.0;28.82;Нет;Бюджетный;CC;22.0;Мужской;Одинокий;1.0;27778.2;1
15.27;0.0;29.48;Нет;Бюджетный;CC;43.0;Женский;Одинокий;1.0;77021.7;1
6.76;0.0;25.01;Нет;Бесплатный;CH;88.0;Мужской;Одинокий;1.0;49176.2;0
0.0;0.0;2.64;Нет;Бюджетный;Auto;93.0;Женский;Женат;1.0;50290.7;1
2.19;2.78;46.72;Нет;Бесплатный;CH;86.0;Женский;Женат;1.0;53357.9;1
6.35;0.0;19.74;Да;Бюджетный;CH;53.0;Мужской;Женат;0.0;50622.9;0
27.11;0.0;6.0;Да;Бюджетный;CH;47.0;Женский;Женат;2.0;56816.4;1
11.43;0.0;37.94;Нет;Бесплатный;CC;66.0;Женский;Одинокий;1.0;56562.9;1
2.2;0.0;9.89;Да;Бюджетный;CC;97.0;Мужской;Одинокий;0.0;27498.1;0
5.33;0.0;103.31;Да;Бесплатный;CC;54.0;Мужской;Женат;2.0;23537.6;0
27.44;0.0;53.85;Да;Бесплатный;CC;65.0;Женский;Одинокий;0.0;73918.3;1
24.6;0.0;30.2;Нет;Бюджетный;CH;58.0;Мужской;Женат;1.0;32981.6;0
22.02;0.0;19.5;Нет;Бесплатный;CH;42.0;Женский;Женат;1.0;31650.2;0
9.14;6.3;47.85;Нет;Бесплатный;Auto;19.0;Мужской;Женат;1.0;20818.5;1
17.08;0.0;163.98;Нет;Бесплатный;CH;77.0;Женский;Одинокий;1.0;37331.2;0
20.06;0.0;21.47;Нет;Бюджетный;Auto;78.0;Мужской;Женат;0.0;84269.0;0
27.56;0.0;212.36;Нет;Бюджетный;Auto;65.0;Мужской;Одинокий;1.0;11520.3;0
23.93;0.0;5.98;Да;Бюджетный;CC;87.0;Мужской;Одинокий;0.0;37882.5;0
18.85;0.0;31.79;Да;Бесплатный;Auto;73.0;Женский;Женат;2.0;35976.5;1
14.16;0.0;84.91;Да;Бюджетный;CH;32.0;Женский;Женат;1.0;7027.14;0
0.0;0.0;2.4;Нет;Бюджетный;CH;39.0;Женский;Женат;2.0;72401.8;0
20.94;0.0;13.91;Нет;Бесплатный;CC;73.0;Мужской;Одинокий;2.0;73240.3;0
2.77;0.0;9.36;Нет;Бюджетный;CC;45.0;Мужской;Женат;0.0;70239.8;0
16.9;0.0;11.52;Нет;Бюджетный;CC;53.0;Мужской;Одинокий;2.0;21242.8;0
0.0;0.0;5.0;Да;Бюджетный;CH;29.0;Женский;Одинокий;1.0;21529.1;1
0.0;0.0;2.61;Да;Бесплатный;CC;79.0;Мужской;Одинокий;1.0;16203.5;1
25.41;0.0;5.45;Да;Бесплатный;CC;39.0;Мужской;Женат;0.0;42700.5;0
23.45;0.0;98.13;Да;Бюджетный;CC;18.0;Мужской;Женат;1.0;76137.8;0
23.69;6.07;7.83;Нет;Бюджетный;Auto;96.0;Мужской;Женат;0.0;8118.75;1
26.95;0.0;29.97;Нет;Бесплатный;CC;55.0;Женский;Одинокий;0.0;54844.2;1
1.57;0.0;153.82;Нет;Бесплатный;CC;40.0;Женский;Одинокий;1.0;16463.0;1
24.8;0.0;80.13;Нет;Бюджетный;CC;66.0;Мужской;Женат;1.0;7277.29;0
27.99;0.0;11.63;Нет;Бесплатный;CC;57.0;Женский;Женат;1.0;4875.25;1
18.72;0.0;91.56;Нет;Бюджетный;CC;53.0;Женский;Одинокий;1.0;68767.0;1
7.81;0.0;33.17;Нет;Бесплатный;Auto;89.0;Женский;Одинокий;2.0;79133.0;1
25.32;0.0;45.12;Да;Бюджетный;CC;61.0;Мужской;Женат;1.0;18307.4;0
0.0;0.0;3.83;Да;Бесплатный;CH;92.0;Женский;Одинокий;2.0;50290.7;1
11.27;0.0;52.74;Нет;Бюджетный;CC;62.0;Мужской;Женат;2.0;94092.6;0
6.83;0.0;52.2;Нет;Бюджетный;CH;44.0;Мужской;Женат;1.0;49554.8;0
6.33;0.0;26.98;Нет;Бесплатный;CH;82.0;Мужской;Женат;2.0;38457.9;0
26.07;0.0;101.01;Да;Бесплатный;CC;19.0;Мужской;Женат;2.0;42630.0;0
7.43;0.0;89.51;Нет;;CH;74.0;Мужской;Женат;1.0;60015.1;0
7.61;0.0;7.26;Нет;Бесплатный;CC;71.0;Женский;Одинокий;0.0;40519.3;1
8.21;0.0;126.69;Нет;Бюджетный;Auto;42.0;Женский;Одинокий;1.0;86021.7;1
14.88;8.36;15.8;Нет;Бюджетный;CC;44.0;Женский;Женат;0.0;31561.5;1
13.32;6.33;177.74;Нет;Бюджетный;CC;19.0;Женский;Одинокий;2.0;39782.0;1
0.0;0.0;3.21;Нет;Бесплатный;Auto;77.0;Мужской;Одинокий;2.0;20965.3;1
10.47;0.0;7.53;Нет;Бюджетный;CC;51.0;Мужской;Женат;0.0;64313.0;0
19.84;4.91;72.58;Нет;Бюджетный;Auto;45.0;Мужской;Женат;2.0;7673.47;1
17.44;0.0;28.42;Нет;Бесплатный;CC;55.0;Женский;Женат;0.0;67720.2;1
2.88;0.0;10.25;Нет;Бесплатный;CH;27.0;Женский;Одинокий;0.0;67668.3;0
9.04;2.07;127.79;Да;Бюджетный;CC;96.0;Мужской;Женат;2.0;57877.5;1
22.62;0.0;40.34;Нет;Бесплатный;CC;85.0;Женский;Одинокий;1.0;23657.4;1
17.31;0.0;53.61;Да;Бесплатный;CC;65.0;Женский;Женат;2.0;58148.7;1
23.86;0.0;9.48;Нет;Бесплатный;Auto;34.0;Мужской;Одинокий;2.0;59753.2;0
7.04;3.51;99.39;Нет;Бесплатный;CC;62.0;Мужской;Женат;1.0;65619.8;1
15.08;0.0;108.44;Нет;Бесплатный;CC;50.0;Мужской;Женат;0.0;19231.2;0
1.76;0.0;72.56;Да;Бесплатный;CC;47.0;Мужской;Женат;0.0;84743.7;0
5.35;9.31;78.95;Да;Бесплатный;CC;55.0;Женский;Одинокий;0.0;40200.7;1
18.88;0.0;105.81;Нет;Бесплатный;CC;82.0;Женский;Женат;2.0;89270.4;0
15.27;0.0;49.42;Да;Бесплатный;CC;82.0;Женский;Женат;1.0;11895.7;1
19.44;0.0;14.38;Нет;Бюджетный;CC;97.0;Мужской;Женат;2.0;88146.4;0
15.63;4.08;59.14;Да;Бюджетный;CC;80.0;Мужской;Женат;0.0;50290.7;0
3.99;0.1;53.69;Нет;Бесплатный;CH;78.0;Женский;Женат;0.0;50290.7;0
7.27;0.0;9.43;Нет;Бесплатный;CH;94.0;Мужской;Одинокий;2.0;22685.3;0
16.64;0.0;58.53;Да;Бюджетный;CH;30.0;Женский;Женат;2.0;36740.7;0
14.81;0.0;121.41;Да;Бесплатный;Auto;50.0;Женский;Женат;2.0;96821.1;1
18.03;0.0;136.47;Нет;Бесплатный;Auto;81.0;Мужской;Женат;2.0;90478.6;0
20.61;0.0;18.22;Да;Бюджетный;CH;37.0;Мужской;Одинокий;1.0;28906.8;0
23.24;0.0;87.62;Нет;Бюджетный;CC;25.0;Женский;Одинокий;0.0;91106.4;0
7.19;0.0;187.51;Да;Бесплатный;CC;61.0;Мужской;Женат;2.0;53619.2;0
20.88;4.5;66.6;Да;Бесплатный;CH;54.0;Женский;Женат;0.0;69641.6;0
18.32;0.0;47.58;Нет;Бюджетный;Auto;37.0;Женский;Одинокий;0.0;5978.89;0
12.7;0.0;88.1;Да;Бесплатный;Auto;87.0;Женский;Женат;1.0;3624.7;1
10.37;2.15;24.67;Нет;Бесплатный;CH;87.0;Мужской;Одинокий;0.0;69864.0;1
0.0;0.0;4.01;Нет;Бесплатный;Auto;27.0;Женский;Одинокий;2.0;3353.28;1
14.57;0.0;38.23;Нет;Бюджетный;CH;25.0;Мужской;Одинокий;2.0;56861.8;0
28.79;5.21;67.36;Нет;Бесплатный;CH;52.0;Мужской;Одинокий;0.0;54622.3;1
12.33;2.46;47.59;Да;Бюджетный;CH;87.0;Женский;Одинокий;2.0;96025.5;1
23.29;2.87;62.33;Нет;Бюджетный;CC;22.0;Мужской;Женат;1.0;95847.9;1
12.03;0.0;5.83;Да;Бюджетный;CC;56.0;Мужской;Женат;2.0;77246.3;0
3.89;0.0;67.73;Да;Бюджетный;CC;19.0;Мужской;Одинокий;0.0;71861.9;0
0.35;0.0;46.89;Нет;Бесплатный;CC;65.0;Женский;Женат;1.0;7790.55;1
11.59;0.0;94.89;Нет;Бюджетный;CC;96.0;Мужской;Одинокий;2.0;25826.4;0
6.21;0.0;10.66;Нет;Бесплатный;CH;97.0;Женский;Одинокий;1.0;62903.3;1
5.4;8.14;26.17;Нет;Бесплатный;CH;63.0;Мужской;Одинокий;1.0;75826.6;1
0.74;0.0;8.89;Да;Бесплатный;CH;44.0;Мужской;Одинокий;2.0;11861.4;0
0.0;0.0;0.8;Да;Бюджетный;Auto;63.0;Женский;Женат;0.0;88791.5;1
17.49;0.0;39.62;Да;Бюджетный;CC;36.0;Женский;Женат;2.0;47639.1;0
17.84;9.49;89.77;Нет;Бюджетный;CC;70.0;Женский;Одинокий;0.0;58384.3;1
26.0;0.0;65.29;Нет;Бесплатный;CC;71.0;Женский;Одинокий;1.0;68386.8;1
0.0;0.0;3.02;Нет;Бюджетный;Auto;93.0;Мужской;Женат;2.0;90189.1;1
25.81;0.0;78.75;Нет;Бесплатный;CH;86.0;Мужской;Женат;0.0;98399.9;0
20.53;6.39;59.39;Да;Бюджетный;CC;33.0;Женский;Женат;0.0;60170.1;1
2.68;0.0;17.13;Нет;Бесплатный;Auto;58.0;Женский;Женат;1.0;1414.58;0
17.92;0.0;6.01;Нет;Бесплатный;CC;26.0;Мужской;Одинокий;2.0;19998.4;1
11.05;0.0;285.18;Нет;Бесплатный;Auto;49.0;Мужской;Женат;2.0;90414.9;0
11.03;4.15;92.13;Нет;Бюджетный;CC;57.0;Мужской;Одинокий;2.0;26349.1;0
2.94;0.0;165.43;Да;Бесплатный;CC;48.0;Мужской;Женат;1.0;3793.73;0
23.39;;23.93;Нет;Бесплатный;Auto;66.0;Женский;Женат;1.0;62503.9;1
11.02;0.0;49.89;Да;Бесплатный;CC;20.0;Женский;Одинокий;2.0;23671.6;1
0.0;0.0;0.7;Нет;Бесплатный;CH;56.0;Женский;Одинокий;2.0;27362.6;1
23.3;0.0;291.73;Да;Бесплатный;CC;71.0;Женский;Одинокий;0.0;61453.1;1
15.6;0.0;24.19;Нет;Бесплатный;CH;79.0;Женский;Женат;2.0;8204.72;1
17.88;0.0;76.32;Нет;Бесплатный;CC;93.0;Мужской;Одинокий;0.0;93302.9;0
0.0;0.0;;Да;Бесплатный;CC;53.0;Женский;Одинокий;1.0;23526.2;1
3.58;0.0;13.82;Нет;Бюджетный;CC;43.0;Мужской;Женат;2.0;68467.1;0
5.94;0.0;8.93;Нет;Бюджетный;CC;73.0;Мужской;Одинокий;0.0;1259.01;0
25.52;;102.53;Да;Бесплатный;CC;50.0;Мужской;Женат;0.0;73210.8;0
11.36;0.0;13.46;Нет;Бесплатный;CC;43.0;Женский;Одинокий;2.0;77293.0;1
1.68;0.0;89.08;Нет;Бесплатный;CC;74.0;Женский;Одинокий;2.0;25754.9;0
0.65;6.87;5.49;Да;Бесплатный;Auto;97.0;Женский;Одинокий;1.0;98860.1;1
20.8;0.0;14.87;Нет;Бюджетный;Auto;20.0;Мужской;Женат;2.0;13573.9;0
0.0;0.0;4.83;Нет;Бесплатный;CC;66.0;Женский;Женат;2.0;91649.1;1
0.0;0.0;3.93;Нет;Бюджетный;CC;88.0;Женский;Женат;2.0;58807.5;1
1.04;9.59;12.91;Нет;Бесплатный;Auto;83.0;Женский;Одинокий;2.0;76845.3;1
17.99;0.25;11.22;Нет;Бесплатный;CH;41.0;Мужской;Женат;1.0;40081.2;0
5.84;0.0;;;;;;Женский;Женат;0.0;27469.5;1
6.73;0.0;36.36;Нет;Бюджетный;CC;72.0;Мужской;Женат;0.0;96188.2;0
21.87;0.77;146.39;Да;Бюджетный;CC;30.0;Мужской;Женат;2.0;17555.2;0
12.56;8.72;39.19;Да;Бесплатный;CC;37.0;Женский;Одинокий;1.0;82335.5;0
22.09;0.62;110.13;Нет;Бюджетный;CC;24.0;Женский;Женат;1.0;88663.4;0
8.35;0.0;90.65;Да;Бюджетный;Auto;59.0;Женский;Женат;1.0;50290.7;1
13.8;0.0;337.56;Нет;Бесплатный;CH;69.0;Женский;Женат;2.0;28848.8;0
22.71;0.0;19.98;Да;Бесплатный;Auto;33.0;Женский;Одинокий;2.0;59573.0;0
13.25;0.0;79.94;Нет;Бесплатный;CC;32.0;Мужской;Одинокий;1.0;54164.9;0
13.87;0.0;5.05;Нет;Бюджетный;CH;39.0;Мужской;Одинокий;1.0;50126.8;0
29.31;0.01;54.82;Нет;Бесплатный;CC;65.0;Мужской;Женат;2.0;54370.8;0
21.44;0.0;10.44;Нет;Бюджетный;CC;31.0;Мужской;Женат;0.0;15865.0;0
20.57;3.27;23.34;Нет;Бюджетный;CC;18.0;Женский;Женат;1.0;9925.68;1
1.72;0.0;91.75;Да;Бюджетный;Auto;74.0;Женский;Женат;0.0;25445.6;1
21.44;0.0;27.62;Нет;Бюджетный;Auto;53.0;Женский;Одинокий;2.0;4089.59;1
21.01;9.13;16.68;Да;Бесплатный;CC;62.0;Женский;Женат;2.0;8749.8;1
1.04;6.1;28.83;Да;Бюджетный;CC;33.0;Мужской;Женат;1.0;57237.9;1
16.25;4.68;57.36;Нет;Бюджетный;CH;22.0;Мужской;Женат;2.0;65129.0;0
6.3;0.0;66.58;Нет;Бюджетный;CH;50.0;Мужской;Женат;2.0;72356.8;0
17.47;0.0;63.65;Да;Бесплатный;CC;41.0;Женский;Женат;1.0;43563.4;1
26.5;0.0;31.08;Да;Бесплатный;CC;81.0;Мужской;Одинокий;1.0;3968.54;0
29.34;0.0;49.55;Нет;Бесплатный;CC;57.0;Женский;Женат;2.0;45488.3;1
25.59;0.0;46.15;Да;Бюджетный;CH;52.0;Мужской;Одинокий;2.0;78731.0;0
6.96;0.0;11.03;Нет;Бюджетный;CC;87.0;Женский;Одинокий;0.0;70492.4;1
5.93;0.0;44.59;Да;Бесплатный;CC;66.0;Мужской;Одинокий;2.0;72018.6;0
16.98;4.75;97.02;Нет;Бюджетный;CC;64.0;Мужской;Женат;1.0;43644.7;0
0.0;0.0;3.5;Нет;Бюджетный;CH;23.0;Мужской;Женат;0.0;91659.9;1
0.93;0.0;8.08;Нет;Бюджетный;CC;94.0;Мужской;Женат;2.0;1140.26;0
21.45;0.0;30.65;Нет;Бюджетный;CC;57.0;Женский;Женат;0.0;70459.5;1
16.5;6.43;59.5;Нет;Бесплатный;CH;41.0;Женский;Женат;0.0;89915.0;1
25.53;0.75;5.19;Нет;Бюджетный;CC;62.0;Мужской;Одинокий;0.0;96501.9;0
3.99;0.0;73.45;Да;Бесплатный;CH;40.0;Мужской;Женат;0.0;66223.5;0
13.48;0.0;40.23;Нет;Бюджетный;CC;52.0;Мужской;Одинокий;0.0;42760.5;0
28.79;0.0;107.57;Нет;Бюджетный;Auto;49.0;Мужской;Одинокий;0.0;9414.82;0
2.64;0.0;50.23;Нет;Бесплатный;Auto;67.0;Женский;Женат;2.0;99100.1;1
16.92;0.0;93.3;Да;Бесплатный;CC;83.0;Мужской;Одинокий;2.0;65330.2;0
10.4;0.0;10.12;Нет;Бесплатный;CC;92.0;Мужской;Женат;1.0;81271.1;0
21.44;0.0;79.96;Да;Бюджетный;CH;33.0;Женский;Женат;2.0;68203.8;0
25.25;0.0;41.82;Нет;Бюджетный;CC;60.0;Мужской;Женат;2.0;94329.6;0
26.05;0.0;59.61;Нет;Бюджетный;CC;75.0;Женский;Одинокий;1.0;50290.7;1
8.29;0.0;8.24;Да;Бесплатный;CH;65.0;Женский;Одинокий;0.0;36159.0;0
0.0;0.0;0.66;Нет;Бюджетный;CH;49.0;Женский;Женат;0.0;68828.4;1
7.03;9.58;104.8;Да;Бесплатный;CH;64.0;Мужской;Женат;1.0;10286.4;1
12.39;0.0;58.41;Нет;Бесплатный;CH;90.0;Мужской;Одинокий;2.0;83653.3;0
7.26;0.0;74.81;Нет;Бесплатный;CC;55.0;Мужской;Женат;1.0;69408.3;0
0.0;0.0;1.92;Нет;Бюджетный;CH;26.0;Мужской;Женат;2.0;52266.3;1
17.62;6.41;116.81;Нет;Бесплатный;CC;32.0;Женский;Женат;2.0;18913.2;1
10.45;0.0;10.81;Нет;Бюджетный;CH;22.0;Женский;Женат;1.0;50290.7;1
20.21;0.0;7.26;Да;Бюджетный;CC;23.0;Мужской;Одинокий;1.0;84217.7;0
13.21;0.0;43.02;Нет;Бесплатный;CC;97.0;Женский;Одинокий;0.0;84479.2;0
25.99;0.0;21.09;Нет;Бесплатный;CC;44.0;Мужской;Одинокий;1.0;82314.1;0
13.68;0.0;166.83;Нет;Бюджетный;Auto;83.0;Мужской;Одинокий;0.0;90513.2;0
2.95;0.26;77.24;Нет;Бесплатный;CH;48.0;Мужской;Одинокий;2.0;39428.2;0
3.28;0.0;133.67;Нет;Бесплатный;CC;92.0;Мужской;Женат;2.0;24344.1;0
24.69;8.59;31.79;Нет;Бесплатный;CH;85.0;Женский;Одинокий;0.0;66502.3;1
18.42;6.46;28.07;Да;Бесплатный;CH;35.0;Женский;Женат;2.0;50968.9;1
12.93;0.0;207.6;Нет;Бесплатный;CC;46.0;Мужской;Женат;2.0;60459.6;0
26.79;0.0;17.44;Нет;Бесплатный;CH;56.0;Женский;Женат;0.0;11268.3;1
0.0;0.0;2.02;Да;Бесплатный;CC;70.0;Женский;Одинокий;1.0;64815.5;1
0.0;0.0;;Нет;Бесплатный;CC;84.0;Мужской;Женат;0.0;20159.5;1
19.55;0.0;;Нет;Бесплатный;CH;34.0;Женский;Одинокий;1.0;95986.0;0
19.93;3.71;;Да;Бюджетный;CC;86.0;Женский;Женат;1.0;99248.1;1
25.71;0.0;15.6;Нет;Бюджетный;CC;36.0;Женский;Одинокий;0.0;58488.3;0
24.66;0.0;38.24;Нет;Бюджетный;CC;69.0;Мужской;Женат;2.0;64113.6;0
5.26;0.0;32.05;Нет;Бюджетный;CC;19.0;Мужской;Женат;0.0;58979.3;0
10.98;9.57;65.03;Нет;Бесплатный;CC;64.0;Женский;Женат;2.0;56412.5;1
0.0;0.0;3.88;Нет;Бесплатный;Auto;59.0;Женский;Женат;0.0;50290.7;1
0.0;0.0;3.46;Да;Бесплатный;CC;70.0;Женский;Женат;1.0;22845.1;1
28.0;5.33;16.28;Нет;Бесплатный;CH;18.0;Женский;Женат;0.0;28770.9;1
13.46;0.0;15.11;Да;Бюджетный;CC;94.0;Мужской;Женат;0.0;50290.7;0
9.24;0.0;52.22;Да;Бюджетный;CC;82.0;Мужской;Женат;2.0;77665.6;0
7.0;0.0;36.01;Нет;Бесплатный;CH;57.0;Мужской;Женат;1.0;77149.1;0
17.38;6.21;51.18;Нет;Бесплатный;CC;90.0;Женский;Женат;1.0;56722.8;1
0.0;0.0;0.98;Нет;Бесплатный;CH;68.0;Мужской;Женат;0.0;10421.7;0
26.04;0.0;10.21;Нет;Бесплатный;CC;85.0;Мужской;Одинокий;1.0;79688.7;0
25.14;0.0;88.04;Да;Бесплатный;CC;56.0;Мужской;Одинокий;2.0;61417.3;0
11.14;0.0;110.79;Да;Бесплатный;CC;24.0;Мужской;Женат;0.0;25921.4;1
24.3;0.0;64.84;Нет;Бесплатный;CH;60.0;Мужской;Одинокий;0.0;3184.42;0
8.48;0.0;28.84;Нет;Бюджетный;CH;72.0;Женский;Женат;1.0;90912.8;1
19.14;0.0;9.15;Нет;Бюджетный;CC;59.0;Женский;Женат;1.0;77374.6;1
0.0;0.0;0.91;Нет;Бюджетный;CC;68.0;Мужской;Женат;2.0;17060.3;1
28.81;0.0;13.64;Нет;Бюджетный;Auto;22.0;Женский;Женат;2.0;59699.5;0
0.0;0.0;1.22;Нет;Бюджетный;CC;92.0;Женский;Одинокий;0.0;51611.3;1
14.58;0.0;92.52;Нет;Бесплатный;CC;78.0;Мужской;Женат;1.0;7426.81;0
28.24;0.0;66.5;Нет;Бесплатный;CC;21.0;Мужской;Одинокий;1.0;48107.2;0
19.8;0.0;9.32;Да;Бесплатный;CC;21.0;Женский;Женат;0.0;38705.5;1
0.0;0.0;3.87;Да;Бюджетный;Auto;29.0;Женский;Одинокий;1.0;28504.0;1
22.31;0.0;51.7;Нет;Бюджетный;CC;54.0;Мужской;Женат;0.0;52284.7;0
17.12;0.0;57.78;Нет;Бюджетный;CC;83.0;Женский;Женат;0.0;42491.4;0
0.0;0.0;3.6;Да;Бюджетный;Auto;23.0;Мужской;Одинокий;0.0;22475.5;1
10.44;0.0;39.96;Нет;Бесплатный;CC;47.0;Женский;Женат;1.0;53298.7;1
11.82;0.0;27.68;Да;Бюджетный;CC;62.0;Женский;Одинокий;2.0;15981.7;1
21.89;0.0;53.56;Нет;Бесплатный;CC;97.0;Мужской;Женат;1.0;63394.9;0
6.67;0.0;7.79;Да;Бесплатный;CC;50.0;Женский;Женат;0.0;63306.6;1
4.73;0.0;81.01;Нет;Бесплатный;Auto;33.0;Женский;Одинокий;2.0;1144.36;0
12.56;0.0;53.44;Нет;;CC;36.0;Мужской;Одинокий;1.0;35381.6;0
26.3;0.0;7.62;Нет;Бесплатный;CC;89.0;Мужской;Одинокий;2.0;30059.6;0
23.47;0.0;28.76;Нет;Бесплатный;Auto;56.0;Женский;Одинокий;2.0;96863.6;1
27.27;0.0;191.49;Нет;Бесплатный;CC;79.0;;Женат;2.0;76486.8;0
18.12;0.0;21.01;Да;Бесплатный;Auto;30.0;Женский;Женат;0.0;61971.9;0
8.08;0.0;10.59;Нет;Бюджетный;CH;50.0;Женский;Женат;2.0;13774.2;1
22.61;0.0;89.59;Нет;Бесплатный;CC;78.0;Мужской;Одинокий;0.0;80693.1;0
4.96;0.0;30.9;Нет;Бесплатный;CH;83.0;Женский;Одинокий;1.0;96112.1;1
0.09;0.0;19.91;Да;Бюджетный;Auto;96.0;Мужской;Женат;1.0;48713.6;0
4.73;0.0;27.19;Нет;Бюджетный;Auto;45.0;Мужской;Женат;2.0;39035.8;0
27.57;0.0;37.29;Нет;Бюджетный;Auto;50.0;Мужской;Женат;2.0;14543.1;0
27.63;0.0;79.36;Нет;Бесплатный;CC;58.0;Женский;Женат;0.0;11253.0;1
22.44;9.19;29.18;Нет;;CH;36.0;Мужской;Женат;0.0;97341.4;0
11.01;0.0;36.88;Да;Бесплатный;CC;59.0;Женский;Женат;0.0;887.5;1
29.92;0.0;8.8;Да;Бюджетный;CH;60.0;Женский;Одинокий;0.0;93322.1;0
29.46;0.0;10.87;Нет;Бюджетный;CC;69.0;Женский;Одинокий;0.0;45310.4;1
12.24;0.0;23.56;Нет;Бюджетный;CC;52.0;Мужской;Женат;2.0;28255.0;0
10.29;4.83;13.89;Да;Бюджетный;Auto;55.0;Женский;Женат;0.0;25080.6;1
27.31;3.44;20.58;Нет;Бюджетный;Auto;59.0;Мужской;Одинокий;0.0;21893.6;1
25.65;0.81;81.74;Да;Бесплатный;CH;69.0;Женский;Женат;0.0;49188.9;1
29.86;0.0;52.22;Нет;;Auto;68.0;Женский;Женат;2.0;62061.8;0
3.11;0.0;127.14;Нет;Бюджетный;CC;68.0;Мужской;Одинокий;2.0;17047.2;0
21.6;0.0;21.47;Да;;CH;28.0;Женский;Одинокий;2.0;39223.2;1
26.99;0.0;33.72;Нет;Бюджетный;CC;23.0;Женский;Одинокий;1.0;76659.2;0
3.67;0.0;61.61;Нет;;CC;71.0;Женский;Женат;1.0;29902.9;1
17.45;4.94;49.92;Нет;Бесплатный;Auto;39.0;Женский;Женат;2.0;47902.0;0
16.47;0.0;35.8;Нет;Бесплатный;CC;55.0;Мужской;Женат;2.0;50290.7;0
13.42;1.26;13.13;Нет;Бесплатный;CC;21.0;Женский;Женат;2.0;585.73;1
9.31;0.0;115.92;Да;Бюджетный;CH;47.0;Женский;Женат;0.0;79721.1;1
20.13;0.0;92.63;Да;Бесплатный;CC;56.0;Мужской;Одинокий;2.0;86258.6;0
6.31;0.0;32.5;Нет;Бесплатный;CC;53.0;Мужской;Женат;2.0;50290.7;0
15.33;0.0;5.12;Нет;Бюджетный;CH;26.0;Мужской;Одинокий;2.0;8172.8;0
14.19;0.0;30.7;Да;Бюджетный;CH;62.0;Мужской;Женат;2.0;50290.7;0
22.3;0.0;15.58;Нет;Бюджетный;CC;19.0;Женский;Женат;0.0;26619.8;1
11.81;0.0;26.82;Нет;Бесплатный;CC;76.0;Мужской;Одинокий;1.0;91607.4;0
15.54;0.0;57.32;Да;Бесплатный;CH;80.0;Мужской;Одинокий;1.0;15060.6;0
12.44;0.0;16.62;Нет;Бюджетный;Auto;18.0;Женский;Женат;1.0;57549.5;0
12.38;0.0;163.41;Да;Бюджетный;CC;51.0;Женский;Женат;2.0;59613.1;1
26.87;0.0;6.61;Нет;Бесплатный;CH;81.0;Женский;Женат;1.0;50613.1;1
9.67;0.0;38.21;Нет;Бесплатный;Auto;22.0;Женский;Женат;1.0;58462.3;0
0.58;0.0;150.99;Да;Бесплатный;CC;27.0;Женский;Женат;2.0;53067.2;0
0.0;0.0;3.9;Нет;Бесплатный;CC;21.0;Мужской;Женат;0.0;25330.7;1
6.12;0.0;90.28;Нет;Бесплатный;CC;50.0;Мужской;Женат;2.0;94902.6;0
10.04;0.0;46.31;Нет;Бесплатный;Auto;53.0;Мужской;Одинокий;1.0;37111.5;0
19.19;3.62;72.74;Нет;Бюджетный;CC;21.0;Женский;Женат;2.0;75323.4;0
12.23;0.0;135.42;Нет;Бесплатный;CH;31.0;Мужской;Женат;0.0;51015.7;0
13.99;7.56;20.72;Нет;Бесплатный;Auto;42.0;Женский;Женат;0.0;69458.8;1
23.12;6.25;57.03;Да;Бесплатный;CC;86.0;Женский;Одинокий;1.0;31639.2;1
0.0;0.0;4.45;Нет;Бюджетный;Auto;90.0;Женский;Женат;2.0;63000.1;1
23.71;0.0;17.41;Да;Бесплатный;Auto;59.0;Мужской;Женат;2.0;40637.4;0
0.0;0.0;1.41;Нет;Бесплатный;CC;84.0;Женский;Одинокий;0.0;50290.7;1
0.0;0.0;4.74;Нет;Бесплатный;CH;81.0;Мужской;Одинокий;2.0;15669.3;1
28.05;0.0;29.44;Нет;Бюджетный;Auto;29.0;Женский;Женат;1.0;50290.7;1
19.47;0.0;7.44;Да;Бесплатный;CH;63.0;Мужской;Женат;1.0;81686.6;0
26.43;6.18;51.41;Нет;Бюджетный;CC;19.0;Женский;Одинокий;1.0;71906.8;1
24.76;0.0;6.95;Нет;Бюджетный;Auto;47.0;Мужской;Женат;2.0;42818.5;0
5.17;0.0;11.14;Нет;Бесплатный;Auto;85.0;Женский;Женат;2.0;69730.9;1
10.43;0.0;16.9;Да;Бесплатный;CC;47.0;Мужской;Одинокий;1.0;12752.5;0
13.13;0.0;41.35;Да;Бюджетный;CH;34.0;Женский;Одинокий;1.0;51472.3;0
0.0;0.0;3.37;Да;Бюджетный;CH;59.0;Женский;Женат;2.0;36660.9;1
19.65;0.0;7.98;Нет;Бюджетный;CC;48.0;Женский;Одинокий;1.0;79129.2;1
23.76;0.0;68.35;Да;Бюджетный;Auto;65.0;Женский;Женат;1.0;37079.4;0
0.0;0.0;4.43;Да;Бесплатный;Auto;43.0;Мужской;Женат;0.0;5976.68;1
8.76;0.0;112.64;Да;Бюджетный;CC;61.0;Мужской;Женат;1.0;85927.7;0
4.3;0.0;5.47;Да;Бюджетный;CC;82.0;Мужской;Женат;1.0;53582.6;0
0.0;0.0;2.42;Нет;Бесплатный;CC;18.0;Мужской;Женат;2.0;53589.8;1
21.64;0.0;139.21;Нет;Бюджетный;Auto;94.0;Женский;Женат;1.0;87404.6;1
27.4;0.0;51.47;Нет;Бесплатный;Auto;69.0;Женский;Женат;2.0;63670.8;1
5.22;0.0;66.82;Нет;Бесплатный;CC;53.0;Мужской;Женат;0.0;42370.2;0
11.85;0.0;176.49;Нет;Бюджетный;CC;71.0;Женский;Одинокий;2.0;4581.9;1
12.95;0.0;17.63;Нет;Бесплатный;Auto;93.0;Мужской;Женат;0.0;60325.9;0
22.34;0.0;38.72;Да;Бюджетный;Auto;57.0;Женский;Женат;0.0;83165.7;1
22.51;0.0;5.38;Нет;Бесплатный;CC;61.0;Мужской;Одинокий;2.0;88408.2;0
20.38;0.0;31.87;Нет;Бесплатный;Auto;37.0;Мужской;Одинокий;2.0;34524.7;0
0.0;0.0;1.75;Да;Бюджетный;CC;48.0;Женский;Женат;0.0;83157.5;1
7.06;0.0;20.35;Нет;Бюджетный;CH;49.0;Мужской;Одинокий;0.0;60282.8;0
20.72;6.24;54.8;Нет;Бюджетный;CC;41.0;Женский;Одинокий;2.0;27336.6;1
6.95;2.77;122.04;Нет;Бюджетный;CC;37.0;Женский;Одинокий;0.0;95261.8;1
29.52;0.0;167.32;Нет;Бюджетный;Auto;64.0;Мужской;Женат;2.0;80289.1;0
;0.0;2.63;Нет;Бюджетный;CC;75.0;Женский;Женат;2.0;55272.7;1
29.35;0.0;20.09;Нет;Бесплатный;CC;57.0;Женский;Женат;1.0;50290.7;1
25.4;2.68;69.95;Нет;Бесплатный;CC;74.0;Женский;Одинокий;1.0;52307.0;1
0.27;0.0;16.37;Нет;Бесплатный;CH;45.0;Женский;Одинокий;1.0;92187.1;1
26.61;0.0;39.21;Нет;Бесплатный;CH;49.0;Мужской;Женат;1.0;62381.4;0
9.08;7.04;13.04;Нет;Бесплатный;CH;70.0;Женский;Женат;1.0;85192.9;1
0.0;0.0;0.93;Нет;Бесплатный;CC;41.0;Мужской;Женат;0.0;2645.1;1
2.33;5.31;23.47;Да;Бюджетный;Auto;79.0;Мужской;Женат;2.0;5265.35;0
;0.0;40.51;;;CC;18.0;Мужской;Женат;0.0;77293.3;0
2.02;0.0;189.52;Нет;Бесплатный;Auto;87.0;Мужской;Одинокий;0.0;32683.9;0
0.0;0.0;4.98;Нет;Бюджетный;CC;96.0;Мужской;Одинокий;1.0;86711.3;1
3.86;0.0;20.85;Нет;Бесплатный;CH;62.0;Мужской;Одинокий;1.0;47503.9;0
18.55;0.0;52.8;Нет;Бесплатный;CC;61.0;Женский;Одинокий;1.0;32533.9;1
7.39;0.0;6.8;Нет;Бесплатный;CC;52.0;Женский;Одинокий;0.0;52963.3;1
3.71;0.0;10.22;Нет;Бесплатный;Auto;88.0;Женский;Одинокий;2.0;10764.6;1
21.86;0.0;78.81;Нет;Бюджетный;CH;32.0;Женский;Женат;1.0;22039.0;0
10.58;0.0;37.28;Нет;Бесплатный;CC;53.0;Мужской;Женат;2.0;37354.0;0
3.28;0.0;8.22;Нет;Бюджетный;Auto;42.0;Мужской;Женат;0.0;57042.2;0
8.49;0.0;50.03;Нет;Бюджетный;Auto;42.0;Женский;Одинокий;2.0;49776.2;1
28.32;0.0;12.41;Да;Бесплатный;CH;60.0;Женский;Одинокий;2.0;24703.8;1
17.79;0.0;15.66;Нет;Бюджетный;CC;45.0;Мужской;Женат;1.0;39378.9;0
28.75;6.33;64.7;Нет;Бюджетный;CC;96.0;Женский;Женат;2.0;95394.0;1
14.26;0.0;30.03;Нет;Бесплатный;CH;95.0;Мужской;Женат;2.0;23764.3;0
20.57;0.0;39.64;Да;Бесплатный;CC;48.0;Мужской;Женат;1.0;23668.2;0
5.6;0.0;50.88;Да;Бесплатный;Auto;64.0;Мужской;Женат;2.0;98855.5;0
7.0;1.15;165.87;Нет;Бесплатный;CC;85.0;Женский;Одинокий;0.0;16175.6;1
23.31;0.0;38.44;Нет;Бесплатный;CC;71.0;Женский;Одинокий;0.0;26435.8;0
25.89;0.0;5.87;Нет;Бесплатный;CC;50.0;Женский;Женат;2.0;38281.1;1
24.95;0.0;29.11;Нет;Бесплатный;CC;89.0;Женский;Одинокий;2.0;27492.2;1
1.53;0.0;7.54;Да;Бесплатный;CC;76.0;Мужской;Одинокий;1.0;64520.3;0
1.16;0.09;77.72;Да;Бюджетный;Auto;34.0;Мужской;Одинокий;0.0;49728.7;0
21.52;0.0;19.19;Да;Бесплатный;CC;41.0;Мужской;Женат;0.0;59898.4;0
23.51;0.0;10.75;Да;Бюджетный;Auto;60.0;Мужской;Одинокий;1.0;49072.0;0
0.0;0.0;4.15;Да;Бесплатный;CH;40.0;Женский;;0.0;;1
20.09;0.0;59.2;Да;Бюджетный;CH;21.0;Женский;Женат;1.0;64557.8;0
23.26;0.0;19.19;Да;Бесплатный;CC;26.0;;Одинокий;2.0;14785.7;1
27.7;0.0;39.17;Нет;Бесплатный;CC;78.0;Мужской;Одинокий;0.0;59699.8;0
0.0;0.0;1.69;Нет;Бесплатный;CC;28.0;Мужской;Женат;2.0;43053.0;1
11.66;0.0;38.36;Да;Бесплатный;Auto;49.0;Мужской;Одинокий;0.0;32358.1;0
6.98;0.0;15.52;Нет;Бесплатный;Auto;39.0;Женский;Одинокий;1.0;31931.3;0
11.03;0.0;34.28;Нет;Бюджетный;CC;87.0;Женский;Одинокий;2.0;3776.12;1
13.2;0.0;35.13;Нет;Бесплатный;CC;50.0;Мужской;Одинокий;2.0;48882.6;0
13.56;0.0;35.84;Нет;Бесплатный;Auto;77.0;Мужской;Женат;2.0;68704.3;0
5.49;0.0;65.43;Нет;Бюджетный;Auto;19.0;Женский;Женат;1.0;99261.8;0
16.65;0.0;130.56;Да;Бюджетный;CC;56.0;Мужской;Одинокий;1.0;98533.3;0
13.3;7.38;38.69;Нет;Бюджетный;CC;65.0;Женский;Женат;1.0;23947.8;1
0.32;0.0;8.49;Нет;Бесплатный;CH;20.0;Мужской;Женат;0.0;8875.47;1
8.43;0.0;86.25;Нет;Бюджетный;CC;52.0;Женский;Женат;2.0;58629.5;0
16.37;0.0;7.01;Нет;Бюджетный;CH;97.0;Женский;Женат;1.0;51261.9;1
23.55;3.19;108.28;Нет;Бесплатный;CC;47.0;Женский;Женат;2.0;54039.4;1
11.74;0.0;38.33;Нет;Бюджетный;CC;64.0;Женский;Женат;0.0;6528.38;1
2.46;0.0;71.66;Нет;Бюджетный;CC;75.0;Женский;Женат;2.0;42846.2;1
0.59;8.24;50.21;Нет;Бесплатный;CC;34.0;Женский;Одинокий;1.0;30234.8;1
27.81;2.1;94.11;Нет;Бесплатный;CC;80.0;Женский;Одинокий;0.0;48506.7;1
5.02;0.0;29.8;Нет;Бюджетный;CC;20.0;Мужской;Одинокий;2.0;9431.04;1
27.73;0.0;44.53;Да;Бесплатный;Auto;27.0;Женский;Одинокий;1.0;38458.6;1
7.99;7.34;87.88;Нет;Бесплатный;CH;22.0;Женский;Одинокий;1.0;71941.5;1
26.86;8.55;9.92;Нет;Бюджетный;CH;48.0;Женский;Женат;1.0;75738.8;1
14.79;0.0;36.68;Да;Бесплатный;CC;68.0;Женский;Женат;1.0;97318.6;1
10.44;0.0;127.43;Нет;Бюджетный;Auto;39.0;Мужской;Женат;1.0;88474.7;0
15.97;0.0;51.84;Нет;Бесплатный;CH;76.0;Женский;Женат;1.0;56545.8;1
0.0;0.0;4.46;Нет;Бюджетный;CC;76.0;Женский;Женат;2.0;83259.3;1
26.86;0.0;15.49;Да;Бесплатный;CC;21.0;Мужской;Женат;2.0;23564.1;1
0.38;0.0;28.66;Нет;Бесплатный;CC;72.0;Женский;Женат;0.0;78851.3;1
18.91;0.0;23.29;Нет;Бесплатный;CC;39.0;Женский;Одинокий;1.0;46638.5;0
13.66;2.96;32.64;Да;Бесплатный;CC;60.0;Мужской;Женат;2.0;83220.6;1
0.0;0.0;1.15;Да;Бюджетный;Auto;74.0;Мужской;Одинокий;0.0;13899.0;1
29.5;0.0;30.21;Нет;Бесплатный;CC;91.0;Мужской;Женат;0.0;50290.7;0
8.41;8.64;86.65;Да;Бюджетный;CC;55.0;Мужской;Одинокий;2.0;69710.9;1
22.9;2.15;22.63;Нет;Бюджетный;CH;55.0;Мужской;Одинокий;2.0;33377.3;0
19.01;0.0;65.85;Да;Бюджетный;Auto;49.0;Женский;Одинокий;0.0;64727.5;0
3.31;0.0;36.7;Нет;Бюджетный;CH;97.0;Женский;Женат;0.0;50290.7;1
22.13;0.0;22.39;Нет;Бесплатный;CC;48.0;Мужской;Женат;2.0;69005.6;0
10.23;8.01;139.48;Нет;Бесплатный;CC;77.0;Мужской;Женат;0.0;31650.0;0
23.24;0.0;80.65;Нет;Бюджетный;Auto;97.0;Женский;Одинокий;1.0;12686.0;1
17.48;0.0;23.77;Нет;Бюджетный;CC;49.0;Женский;Женат;1.0;97841.7;1
11.7;0.0;13.94;Да;Бюджетный;CH;54.0;Мужской;Одинокий;0.0;84754.4;0
0.0;0.0;0.57;Нет;Бесплатный;CC;18.0;Женский;Женат;0.0;29696.1;1
2.4;0.0;15.52;Да;Бесплатный;CC;61.0;Женский;Одинокий;0.0;45667.1;1
0.0;0.0;3.99;Нет;Бюджетный;CH;94.0;Женский;Женат;2.0;14519.1;1
20.3;0.0;40.81;Да;Бесплатный;Auto;86.0;Женский;Женат;1.0;44773.7;1
0.0;0.0;2.61;Нет;Бесплатный;CC;40.0;Женский;Одинокий;1.0;1302.4;1
11.69;0.22;43.56;Нет;Бесплатный;CH;29.0;Женский;Одинокий;0.0;73032.9;0
24.87;0.0;29.22;Нет;Бесплатный;CC;37.0;Мужской;Одинокий;0.0;83378.3;0
12.93;0.0;137.14;Да;Бесплатный;CC;29.0;Мужской;Женат;0.0;20315.4;0
4.19;0.0;161.82;Нет;Бесплатный;CC;76.0;Мужской;Женат;1.0;72996.0;0
29.02;0.0;173.62;Да;Бесплатный;CC;84.0;Мужской;Женат;0.0;46514.2;0
24.02;3.41;183.62;Нет;Бюджетный;Auto;44.0;Женский;Женат;1.0;7700.73;1
28.75;0.0;18.66;Нет;Бюджетный;CC;67.0;Мужской;Женат;2.0;37168.9;0
12.34;0.0;80.92;Нет;Бюджетный;CH;91.0;Женский;Одинокий;2.0;69984.1;1
5.2;0.0;51.57;Нет;Бесплатный;CC;90.0;Мужской;Женат;0.0;42248.7;0
26.15;0.0;33.24;Нет;Бесплатный;CC;94.0;Мужской;Женат;1.0;83495.0;0
20.85;0.0;21.99;Нет;Бесплатный;CH;88.0;Женский;Одинокий;2.0;18172.8;1
0.0;0.0;3.98;Да;Бюджетный;CC;88.0;Мужской;Женат;2.0;81710.0;1
21.49;0.0;32.74;Да;Бесплатный;CC;73.0;Женский;Женат;2.0;33607.0;1
16.61;0.0;50.69;Нет;Бюджетный;CC;55.0;Мужской;Женат;1.0;41334.1;0
26.72;3.26;37.84;Нет;Бюджетный;CC;88.0;Мужской;Женат;1.0;21890.0;1
3.0;0.87;20.74;Нет;Бесплатный;CH;36.0;Мужской;Одинокий;2.0;55485.8;0
16.84;0.0;40.16;Да;Бюджетный;CC;41.0;Женский;Женат;0.0;45103.4;0
0.0;0.0;3.27;Да;Бюджетный;CC;54.0;Женский;Женат;2.0;1370.08;1
12.52;0.0;64.46;Нет;Бюджетный;CC;37.0;Женский;Женат;2.0;11947.3;0
11.57;0.0;70.89;Нет;Бесплатный;CC;53.0;Мужской;Одинокий;1.0;76394.0;0
14.29;0.0;64.33;Нет;Бюджетный;CC;32.0;Мужской;Женат;2.0;24176.8;0
14.07;0.0;42.92;Нет;Бесплатный;CC;33.0;Мужской;Одинокий;0.0;5466.39;0
23.33;0.0;64.95;Нет;Бесплатный;Auto;55.0;Женский;Женат;0.0;53755.7;1
26.5;0.0;54.76;Нет;Бюджетный;CC;86.0;Мужской;Одинокий;2.0;56256.1;0
29.95;0.0;312.2;Да;Бюджетный;Auto;97.0;Мужской;Женат;1.0;9148.27;0
11.45;0.0;42.86;Нет;Бесплатный;Auto;69.0;Мужской;Женат;2.0;30901.3;0
2.87;0.0;262.92;Нет;Бюджетный;CC;39.0;Женский;Одинокий;0.0;58623.8;0
0.0;0.0;2.52;Да;Бесплатный;CC;71.0;Мужской;Женат;0.0;64882.0;0
22.44;0.0;41.71;Да;Бюджетный;CC;30.0;Мужской;Одинокий;2.0;23464.0;0
0.0;0.0;0.35;Нет;Бюджетный;CC;63.0;Мужской;Женат;1.0;9049.57;1
0.0;0.0;0.61;Да;Бесплатный;CC;53.0;Женский;Одинокий;2.0;96704.7;1
1.19;0.0;22.61;Нет;Бюджетный;Auto;81.0;Мужской;Женат;2.0;57898.5;0
8.6;0.0;117.99;Да;Бюджетный;CC;18.0;Мужской;Женат;0.0;1846.01;1
20.41;0.0;81.48;Нет;Бесплатный;CC;86.0;Женский;Женат;0.0;85180.1;1
12.79;0.0;17.18;Нет;Бюджетный;CC;72.0;Женский;Одинокий;2.0;63291.1;1
1.49;0.0;86.03;Нет;Бюджетный;Auto;89.0;Женский;Одинокий;0.0;63092.2;1
1.52;0.0;94.98;Нет;Бюджетный;CC;61.0;Женский;Женат;0.0;10878.5;1
6.33;0.0;62.25;Да;Бюджетный;Auto;89.0;Женский;Женат;2.0;74628.1;1
3.16;0.0;105.56;Нет;Бюджетный;CC;32.0;Женский;Женат;2.0;82258.2;0
12.35;0.0;7.76;Да;Бюджетный;Auto;58.0;Женский;Одинокий;1.0;540.41;0
3.22;0.0;35.93;Нет;Бесплатный;CC;71.0;Женский;Женат;2.0;80667.4;1
20.82;0.0;15.02;Нет;Бюджетный;CC;87.0;Мужской;Одинокий;1.0;45476.0;0
9.65;0.0;108.82;Да;Бесплатный;CH;58.0;Женский;Женат;2.0;81711.9;1
10.82;0.0;36.75;Нет;Бюджетный;Auto;61.0;Мужской;Одинокий;2.0;66026.0;0
27.44;6.66;39.7;Нет;Бюджетный;CC;81.0;Женский;Женат;2.0;94159.9;1
16.14;5.98;51.02;Нет;Бесплатный;Auto;33.0;Женский;Женат;2.0;85433.1;1
28.84;0.0;51.14;Нет;Бесплатный;CC;92.0;Мужской;Одинокий;0.0;79872.6;0
12.01;0.0;62.23;Нет;Бюджетный;CH;67.0;Мужской;Одинокий;0.0;9448.62;0
22.0;0.0;66.59;Нет;Бюджетный;CH;50.0;Женский;Женат;0.0;70004.1;1
1.91;0.0;25.96;Нет;Бесплатный;CC;86.0;Женский;Одинокий;0.0;69350.5;0
16.85;0.0;134.44;Нет;Бюджетный;CH;82.0;Мужской;Одинокий;2.0;2271.11;0
7.68;0.0;22.61;Нет;Бесплатный;CC;57.0;Мужской;Женат;1.0;57272.7;0
0.83;0.0;25.12;Нет;Бесплатный;CC;64.0;Мужской;Одинокий;1.0;15822.6;0
13.24;0.0;81.58;Да;Бесплатный;CC;96.0;Мужской;Одинокий;2.0;57814.5;0
13.31;0.0;157.81;Да;Бесплатный;CH;84.0;Женский;Женат;1.0;83850.5;1
28.46;0.0;109.12;Да;Бюджетный;CC;65.0;Мужской;Женат;2.0;29609.7;0
0.0;0.0;3.82;Да;Бесплатный;CC;19.0;Женский;Одинокий;1.0;44566.6;1
23.49;0.0;41.39;Да;Бюджетный;CC;60.0;Мужской;Женат;0.0;20953.2;0
2.47;4.41;107.7;Да;Бесплатный;CC;46.0;Женский;Одинокий;0.0;50451.6;1
12.46;0.0;65.4;Да;Бюджетный;CC;33.0;Мужской;Женат;1.0;78877.5;0
1.18;0.0;33.62;Нет;Бюджетный;CC;80.0;Женский;Женат;1.0;86618.8;1
20.87;0.86;19.78;Нет;Бюджетный;CC;86.0;Мужской;Одинокий;1.0;94188.3;0
19.28;2.03;14.38;Да;Бюджетный;Auto;30.0;Женский;Женат;2.0;85394.0;1
10.0;0.0;101.67;Да;Бесплатный;CH;50.0;Мужской;Женат;1.0;19301.3;0
1.72;0.0;12.86;Нет;Бюджетный;CC;32.0;Мужской;Одинокий;2.0;5565.43;0
12.5;0.0;74.93;Нет;Бюджетный;CC;55.0;Женский;Женат;2.0;7394.15;0
20.46;0.0;6.73;Нет;Бесплатный;Auto;30.0;Женский;Женат;0.0;30174.2;0
0.0;0.0;1.11;Нет;Бесплатный;CC;95.0;Женский;Одинокий;2.0;52997.5;1
29.71;5.31;202.44;Нет;Бесплатный;CC;47.0;Женский;Женат;1.0;63778.3;1
21.01;0.0;37.85;Нет;Бесплатный;CH;37.0;Женский;Женат;2.0;53162.2;0
1.52;0.0;62.19;Нет;Бюджетный;CC;56.0;Мужской;Женат;2.0;46165.2;0
1.88;0.0;50.86;Нет;Бюджетный;CC;25.0;Женский;Женат;0.0;38950.5;1
2.46;0.0;109.73;Нет;Бесплатный;Auto;23.0;Мужской;Женат;1.0;43457.9;0
10.47;0.0;33.16;Нет;Бесплатный;CC;44.0;Женский;Одинокий;0.0;44183.9;1
0.0;0.0;1.31;Нет;Бюджетный;Auto;64.0;Женский;Женат;1.0;1433.72;1
12.21;0.0;52.97;Да;Бесплатный;Auto;31.0;Мужской;Одинокий;1.0;37832.6;0
14.64;0.0;11.21;Нет;Бюджетный;CC;48.0;Женский;Женат;2.0;85246.6;1
0.0;0.0;3.62;Нет;Бюджетный;Auto;37.0;Женский;Женат;1.0;25541.8;1
2.65;0.0;24.75;Нет;Бюджетный;CC;57.0;Мужской;Женат;0.0;28128.4;0
0.44;0.0;234.6;Да;Бесплатный;CH;72.0;Мужской;Одинокий;1.0;95935.2;0
0.0;0.0;1.31;Нет;Бесплатный;Auto;87.0;Женский;Женат;0.0;7657.96;1
13.11;0.0;55.16;Да;Бесплатный;CC;81.0;Женский;Женат;1.0;71668.2;1
16.21;0.0;145.63;Нет;Бесплатный;CC;40.0;Женский;Одинокий;1.0;26756.6;1
0.0;0.0;1.19;Да;Бесплатный;CC;48.0;Женский;Одинокий;2.0;60908.1;1
8.65;0.0;67.42;Да;Бюджетный;CC;40.0;Мужской;Одинокий;0.0;57482.7;0
21.47;0.0;54.46;Нет;Бесплатный;CH;64.0;Женский;Одинокий;2.0;62275.3;1
0.0;0.0;1.04;Нет;Бесплатный;Auto;82.0;Женский;Одинокий;1.0;95877.7;1
1.6;7.6;22.54;Да;Бюджетный;CH;92.0;Мужской;Женат;0.0;92093.0;0
12.15;0.0;116.59;Нет;Бесплатный;CH;79.0;Женский;Одинокий;2.0;43151.7;1
0.0;0.0;4.33;Да;Бюджетный;CH;28.0;Женский;Женат;0.0;48631.3;1
5.99;0.0;136.39;Нет;Бюджетный;CC;77.0;Мужской;Одинокий;1.0;2743.69;0
15.71;0.0;12.26;Нет;Бесплатный;CC;38.0;Мужской;Одинокий;2.0;52600.0;0
18.25;0.0;47.45;Нет;Бесплатный;Auto;25.0;Мужской;Женат;0.0;4592.8;1
25.01;0.0;22.26;Нет;Бюджетный;CC;36.0;Мужской;Одинокий;1.0;93607.8;0
7.43;0.0;7.44;Нет;Бюджетный;CC;78.0;Женский;Женат;2.0;92103.8;1
0.0;0.0;0.4;Нет;Бюджетный;CC;40.0;Женский;Женат;1.0;50290.7;1
0.0;0.0;2.86;Да;Бюджетный;Auto;59.0;Мужской;Женат;2.0;18686.3;1
14.47;0.0;69.3;Нет;Бесплатный;CC;48.0;Мужской;Женат;0.0;58764.7;0
21.72;7.86;80.61;Нет;Бесплатный;CC;63.0;Мужской;Одинокий;0.0;90335.6;1
27.33;0.0;25.11;Нет;Бюджетный;CC;95.0;Женский;Женат;2.0;46273.9;0
23.11;0.0;87.01;Нет;Бесплатный;CH;34.0;Женский;Женат;2.0;94024.1;0
0.0;0.0;2.55;Нет;Бюджетный;CC;54.0;Мужской;Одинокий;2.0;63959.2;1
3.94;0.0;7.53;Нет;Бюджетный;Auto;37.0;Женский;Одинокий;0.0;74018.4;0
20.29;0.0;76.05;Нет;Бесплатный;CC;76.0;Женский;Женат;1.0;12309.6;1
16.42;0.0;39.75;Нет;Бюджетный;Auto;76.0;Мужской;Одинокий;1.0;24104.7;0
7.88;7.99;189.93;Нет;Бюджетный;CH;27.0;Женский;Женат;2.0;90672.6;0
19.37;0.0;121.68;Да;Бюджетный;CH;59.0;Женский;Женат;0.0;29953.1;1
29.22;0.0;35.14;Нет;Бесплатный;CH;27.0;Женский;Женат;2.0;22137.0;1
15.81;3.05;45.12;Нет;Бесплатный;CC;35.0;Мужской;Женат;2.0;18345.3;1
24.15;0.0;10.48;Да;Бюджетный;CC;38.0;Женский;Женат;0.0;17499.2;0
27.67;0.0;58.95;Нет;Бюджетный;CH;48.0;Мужской;Женат;2.0;60463.4;0
27.01;7.55;45.37;Нет;Бесплатный;CC;92.0;Мужской;Одинокий;1.0;57904.4;1
8.78;0.0;120.53;Нет;Бесплатный;CC;44.0;Женский;Одинокий;0.0;21038.9;1
29.5;0.0;13.24;Нет;Бесплатный;CC;67.0;Женский;Женат;2.0;98217.1;0
20.73;0.0;87.93;Да;Бюджетный;CC;89.0;Мужской;Женат;1.0;87660.8;0
24.89;0.0;65.57;Нет;Бесплатный;CC;42.0;Женский;Женат;0.0;18199.7;1
21.72;0.0;14.36;Нет;Бюджетный;CC;71.0;Мужской;Одинокий;0.0;12860.5;0
4.91;6.47;116.42;Да;Бюджетный;CC;23.0;Мужской;Одинокий;1.0;50290.7;1
15.86;0.0;27.32;Нет;Бюджетный;Auto;72.0;Женский;Одинокий;1.0;78796.0;1
0.0;0.0;2.14;Нет;Бесплатный;Auto;58.0;Мужской;Одинокий;2.0;17371.0;0
11.97;0.0;124.64;Да;Бюджетный;CC;70.0;Мужской;Женат;1.0;42211.8;0
4.68;0.0;5.72;Нет;Бюджетный;Auto;34.0;Женский;Женат;0.0;17703.5;0
15.82;0.0;108.04;Нет;Бюджетный;CC;65.0;Женский;Одинокий;2.0;18151.6;1
0.0;0.0;0.72;Нет;Бюджетный;CC;94.0;Женский;Женат;1.0;35940.6;1
22.69;0.0;74.9;Нет;Бюджетный;CC;77.0;Женский;Одинокий;0.0;70460.3;1
12.14;0.0;15.74;Нет;Бесплатный;CC;35.0;Мужской;Одинокий;0.0;44909.2;0
9.09;0.0;11.39;Нет;Бесплатный;CC;93.0;Женский;Одинокий;1.0;31240.3;0
17.71;8.32;17.18;Нет;Бюджетный;CC;73.0;Женский;Женат;1.0;84601.4;1
0.77;0.0;5.72;Нет;Бесплатный;Auto;84.0;Женский;Женат;2.0;5936.48;1
23.17;0.0;87.4;Да;Бюджетный;CC;21.0;Женский;Одинокий;2.0;21709.7;1
22.49;0.0;13.99;Нет;Бесплатный;CC;22.0;Мужской;Женат;1.0;57348.8;0
28.02;2.61;73.4;Да;Бюджетный;CC;75.0;Женский;Одинокий;0.0;48755.1;1
18.9;0.0;33.32;Нет;Бесплатный;CC;95.0;Мужской;Женат;0.0;585.79;0
1.48;0.0;83.87;Нет;Бюджетный;CC;36.0;Мужской;Одинокий;1.0;38348.1;0
17.79;0.0;9.55;Нет;Бесплатный;CC;96.0;Мужской;Одинокий;2.0;29835.9;0
4.04;0.0;14.18;Да;Бюджетный;Auto;51.0;Женский;Женат;2.0;33790.9;1
5.23;0.0;28.4;Нет;Бюджетный;CC;62.0;Мужской;Женат;1.0;57974.8;0
14.03;0.0;174.16;Нет;Бесплатный;Auto;68.0;Мужской;Женат;2.0;89449.0;0
0.0;0.0;0.27;Нет;Бюджетный;CH;77.0;Мужской;Женат;0.0;26266.3;1
12.25;0.0;193.89;Нет;Бюджетный;Auto;85.0;Мужской;Одинокий;2.0;75639.8;0
18.75;0.0;7.62;Да;Бюджетный;CC;21.0;Мужской;Женат;0.0;57596.1;0
20.24;0.0;18.25;Нет;Бюджетный;CH;48.0;Женский;Женат;0.0;4581.11;1
0.0;0.0;1.52;Нет;Бесплатный;CH;29.0;Женский;Женат;0.0;6921.4;1
25.01;0.0;68.52;Нет;Бюджетный;CC;97.0;Мужской;Женат;1.0;5723.09;0
11.57;0.0;12.47;Да;Бесплатный;CH;60.0;Женский;Женат;2.0;99488.1;0
6.67;0.0;77.25;Нет;Бесплатный;Auto;54.0;Мужской;Женат;2.0;11676.2;0
27.75;8.25;19.63;Нет;Бесплатный;CC;53.0;Женский;Одинокий;2.0;11503.8;1
1.8;0.0;12.76;Да;Бюджетный;CC;48.0;Мужской;Одинокий;0.0;88044.4;0
3.79;0.0;24.14;Да;Бесплатный;CC;71.0;Мужской;Одинокий;0.0;28273.0;0
22.54;0.0;25.38;Нет;Бесплатный;Auto;67.0;Мужской;Женат;0.0;78319.3;0
0.08;0.0;8.42;Нет;Бюджетный;Auto;38.0;Мужской;Женат;1.0;50535.8;0
26.12;9.53;37.89;Нет;Бюджетный;CH;54.0;Женский;Одинокий;1.0;11659.5;1
13.35;0.0;8.77;Нет;Бесплатный;CH;55.0;Мужской;Одинокий;2.0;16938.5;0
0.0;0.0;0.44;Нет;Бюджетный;CC;67.0;Мужской;Женат;1.0;32363.9;1
21.64;0.0;87.4;Нет;Бюджетный;CC;30.0;Женский;Женат;0.0;2031.61;0
0.64;0.0;52.22;Да;Бюджетный;CC;46.0;Женский;Женат;0.0;50290.7;1
16.7;0.0;71.68;Нет;Бюджетный;CC;63.0;Мужской;Женат;2.0;31282.8;0
16.64;0.0;105.26;Нет;Бюджетный;CH;30.0;Женский;Женат;1.0;48457.6;0
22.62;0.0;25.76;Нет;Бюджетный;CC;37.0;Мужской;Женат;0.0;11693.3;0
0.0;0.0;0.74;Нет;Бесплатный;Auto;68.0;Мужской;Женат;0.0;41486.4;0
6.23;0.0;21.44;Нет;Бюджетный;CC;55.0;Женский;Одинокий;0.0;43734.1;0
10.27;1.67;29.64;Нет;Бесплатный;CC;20.0;Мужской;Женат;0.0;69444.5;1
17.85;8.8;12.61;Нет;Бесплатный;CC;32.0;Мужской;Одинокий;1.0;63769.7;1
10.25;1.94;145.07;Нет;Бюджетный;CC;54.0;Женский;Одинокий;0.0;60774.6;1
13.1;0.0;33.7;Да;Бюджетный;CC;65.0;Женский;Женат;1.0;62751.3;1
0.0;0.0;2.16;Нет;Бюджетный;CH;60.0;Мужской;Женат;1.0;20552.6;0
28.2;9.53;13.99;Нет;Бюджетный;Auto;28.0;Женский;Женат;2.0;63328.8;1
20.27;0.0;102.86;Да;Бюджетный;CH;90.0;Женский;Женат;0.0;91620.6;0
16.6;0.0;59.15;Нет;Бюджетный;CC;85.0;Мужской;Одинокий;1.0;84100.4;0
14.64;0.0;99.0;Нет;Бюджетный;CC;35.0;Мужской;Одинокий;0.0;63782.6;0
22.38;0.0;40.49;Нет;Бюджетный;Auto;93.0;Женский;Одинокий;1.0;13109.1;0
28.33;0.0;54.31;Да;Бюджетный;CC;19.0;Женский;Женат;1.0;67750.9;0
22.35;0.0;81.66;Нет;Бесплатный;CC;37.0;Мужской;Одинокий;0.0;32872.1;0
15.42;0.39;150.51;Нет;Бесплатный;Auto;85.0;Мужской;Женат;1.0;58310.2;0
5.64;0.0;25.86;Нет;Бесплатный;CC;18.0;Женский;Женат;1.0;97220.7;0
21.19;0.0;30.47;Нет;Бесплатный;CC;81.0;Мужской;Женат;2.0;20759.9;0
13.86;0.0;18.82;Да;Бюджетный;CC;26.0;Мужской;Одинокий;1.0;76074.1;0
14.21;0.0;25.16;Да;Бюджетный;CC;61.0;Женский;Одинокий;2.0;54643.3;0
2.42;9.19;41.17;Да;Бюджетный;CH;48.0;Мужской;Одинокий;0.0;81420.0;1
11.86;0.0;135.65;Нет;Бюджетный;Auto;20.0;Мужской;Женат;1.0;59632.9;0
3.82;0.0;65.68;Нет;Бюджетный;CH;79.0;Мужской;Женат;2.0;73113.3;0
5.9;0.0;29.61;Да;Бесплатный;CC;83.0;Женский;Женат;1.0;75265.3;1
23.44;0.0;22.18;Да;Бюджетный;CC;97.0;Женский;Женат;1.0;95971.9;1
26.23;0.0;188.74;Нет;Бюджетный;CC;32.0;Женский;Одинокий;2.0;63041.1;0
1.56;9.03;15.18;Нет;Бюджетный;CC;53.0;Мужской;Женат;1.0;18672.0;1
24.39;0.0;48.38;Да;Бесплатный;CC;51.0;Женский;Женат;1.0;53676.8;1
27.44;0.0;10.94;Нет;Бюджетный;Auto;39.0;Женский;Одинокий;2.0;51662.2;0
16.32;0.0;26.29;Нет;Бюджетный;CH;37.0;Мужской;Женат;0.0;43235.5;0
6.05;0.0;35.73;Нет;Бюджетный;Auto;74.0;Женский;Одинокий;2.0;60744.4;0
21.67;6.07;133.32;Да;Бесплатный;CC;97.0;Мужской;Женат;2.0;27667.6;1
25.07;8.53;10.28;Нет;Бюджетный;CH;59.0;Женский;Женат;0.0;10384.5;1
10.94;6.77;50.78;Нет;Бесплатный;CH;42.0;Женский;Женат;2.0;75750.1;1
13.62;0.0;28.23;Нет;Бесплатный;CC;54.0;Мужской;Женат;0.0;68438.3;0
11.02;0.0;9.26;Нет;Бюджетный;CC;92.0;Мужской;Женат;1.0;95020.4;0
15.28;1.84;49.51;Нет;Бюджетный;Auto;77.0;Мужской;Одинокий;0.0;81875.8;0
22.89;0.0;22.19;Да;Бюджетный;CH;52.0;Женский;Женат;1.0;70002.4;1
7.52;7.35;25.21;Нет;Бюджетный;CH;22.0;Женский;Женат;0.0;42877.2;1
1.32;0.0;147.87;Нет;Бюджетный;CC;54.0;Женский;Одинокий;1.0;61231.7;1
14.99;0.0;24.06;Нет;Бесплатный;CC;55.0;Женский;Женат;0.0;79771.3;1
2.7;0.0;9.12;Нет;Бесплатный;CC;62.0;Мужской;Одинокий;2.0;23715.0;0
14.07;0.0;78.93;Нет;Бесплатный;CC;55.0;Женский;Женат;2.0;9665.54;1
21.83;0.0;69.0;Нет;Бесплатный;CC;66.0;Мужской;Одинокий;0.0;80025.3;0
21.99;6.94;12.87;Нет;Бесплатный;CC;79.0;Мужской;Женат;0.0;26074.5;1
16.19;0.0;12.12;Да;Бюджетный;CC;75.0;Женский;Женат;2.0;11434.6;1
22.53;0.0;11.53;Нет;Бесплатный;CC;93.0;Мужской;Одинокий;1.0;68089.1;0
20.32;0.0;68.91;Нет;Бюджетный;CH;62.0;Мужской;Женат;0.0;56702.5;0
6.29;0.0;66.43;Нет;Бюджетный;CC;76.0;Мужской;Женат;0.0;14271.8;0
27.33;0.0;23.86;Да;Бесплатный;Auto;86.0;Женский;Одинокий;2.0;92885.9;0
15.84;0.0;27.13;Нет;Бюджетный;Auto;79.0;Мужской;Одинокий;1.0;67137.7;0
18.0;0.0;133.76;Нет;Бесплатный;CC;20.0;Женский;Женат;2.0;59758.4;0
0.0;0.0;2.34;Да;Бюджетный;CC;49.0;Женский;Женат;2.0;50290.7;1
7.83;0.0;121.46;Да;Бюджетный;CC;71.0;Мужской;Женат;2.0;51493.0;0
4.02;0.0;13.64;Нет;Бесплатный;CC;64.0;Мужской;Женат;1.0;92298.0;0
0.0;0.0;0.09;Да;Бесплатный;CH;79.0;Женский;Женат;1.0;18442.8;1
8.16;0.0;27.72;Нет;Бюджетный;Auto;31.0;Мужской;Одинокий;0.0;6121.14;0
8.37;0.0;20.71;Да;Бесплатный;CC;62.0;Мужской;Женат;2.0;64283.2;0
19.65;0.0;146.41;Нет;Бюджетный;CC;80.0;Женский;Женат;2.0;83890.7;0
5.19;0.0;30.0;Нет;Бесплатный;CC;90.0;Женский;Женат;1.0;41416.8;1
0.41;0.0;5.2;Да;Бесплатный;CH;23.0;Женский;Женат;0.0;35170.8;1
8.81;0.0;9.29;Да;Бюджетный;Auto;31.0;Женский;Одинокий;0.0;41856.2;0
7.9;0.0;14.35;Да;Бюджетный;CC;78.0;Мужской;Одинокий;0.0;64893.7;0
28.33;0.0;10.85;Нет;Бюджетный;Auto;48.0;Женский;Женат;2.0;95429.7;1
17.39;0.0;41.49;Нет;Бесплатный;Auto;58.0;Мужской;Одинокий;2.0;12160.7;0
2.54;8.9;73.97;Нет;Бюджетный;Auto;64.0;Мужской;Одинокий;0.0;53919.9;0
12.61;0.0;18.81;Нет;Бюджетный;Auto;88.0;Женский;Одинокий;0.0;68608.0;0
4.83;0.0;56.65;Нет;Бюджетный;CC;28.0;Женский;Женат;0.0;38450.2;0
1.34;0.0;23.77;Нет;Бесплатный;CC;85.0;Мужской;Одинокий;0.0;57933.1;0
9.61;2.66;160.67;Нет;Бюджетный;CC;72.0;Мужской;Одинокий;2.0;55050.5;1
9.87;0.0;33.07;Нет;Бесплатный;CC;45.0;Мужской;Женат;2.0;23695.6;0
0.0;0.0;0.91;Нет;Бесплатный;CC;25.0;Женский;Одинокий;2.0;88023.2;1
6.04;0.0;19.52;Нет;Бюджетный;CC;63.0;Женский;Женат;1.0;22198.1;1
0.51;1.88;21.86;Нет;Бесплатный;CH;39.0;Женский;Женат;0.0;86770.4;1
0.0;0.0;0.54;Нет;Бесплатный;CH;66.0;Мужской;Женат;0.0;42898.2;1
10.97;0.0;60.0;Да;Бесплатный;CH;45.0;Мужской;Женат;0.0;27170.6;0
18.57;0.0;56.66;Нет;Бюджетный;CH;73.0;Мужской;Женат;0.0;19654.9;0
13.18;0.0;18.39;Да;Бюджетный;CH;64.0;Женский;Одинокий;1.0;45495.0;1
14.47;0.0;7.1;Нет;Бесплатный;Auto;68.0;Женский;Женат;0.0;62484.8;1
27.34;0.0;75.28;Нет;Бюджетный;CH;88.0;Мужской;Женат;2.0;71686.2;0
17.38;0.0;90.58;Да;Бесплатный;CH;31.0;Мужской;Одинокий;0.0;6165.64;0
21.35;0.0;45.71;Да;Бесплатный;CC;70.0;Женский;Одинокий;0.0;87788.7;1
16.17;0.0;6.11;Нет;Бесплатный;CC;50.0;Женский;Женат;2.0;11458.4;0
0.0;0.0;1.07;Нет;Бесплатный;CC;78.0;Женский;Одинокий;2.0;74392.1;0
0.0;0.0;3.47;Нет;Бюджетный;CC;94.0;Женский;Женат;2.0;78994.1;1
8.71;0.0;45.64;Нет;Бесплатный;CH;79.0;Мужской;Женат;0.0;61985.6;0
26.7;0.0;9.46;Да;Бесплатный;CC;96.0;Мужской;Женат;1.0;8663.42;0
22.35;0.0;13.61;Нет;Бюджетный;CC;26.0;Женский;Одинокий;0.0;41340.6;0
0.0;0.0;0.98;Нет;Бесплатный;CC;22.0;Женский;Одинокий;2.0;50290.7;1
19.89;9.58;19.21;Нет;Бюджетный;CH;75.0;Женский;Женат;2.0;25738.4;1
13.32;8.05;56.65;Нет;Бюджетный;CC;73.0;Женский;Женат;2.0;5237.63;1
24.26;0.0;8.65;Нет;Бюджетный;CC;91.0;Женский;Женат;1.0;57517.9;0
2.26;0.0;49.94;Да;Бесплатный;Auto;23.0;Мужской;Женат;2.0;55371.8;0
5.39;0.0;91.07;Нет;Бесплатный;Auto;94.0;Женский;Женат;1.0;66755.6;1
28.8;4.92;89.46;Нет;Бюджетный;Auto;67.0;Мужской;Женат;0.0;81360.6;1
0.0;0.0;3.87;Нет;Бюджетный;CC;72.0;Мужской;Одинокий;1.0;92769.4;1
19.94;0.0;29.38;Нет;Бюджетный;CC;58.0;Женский;Женат;1.0;62260.2;1
17.22;0.0;31.56;Да;Бюджетный;CH;55.0;Женский;Женат;0.0;91708.4;0
20.93;0.0;30.53;Нет;Бюджетный;CC;50.0;Женский;Женат;2.0;59078.0;0
0.0;0.0;3.02;Нет;Бесплатный;CC;33.0;Женский;Одинокий;0.0;36486.4;0
24.35;0.0;8.18;Да;Бесплатный;Auto;22.0;Мужской;Женат;2.0;12389.3;0
29.97;0.0;105.66;Да;Бесплатный;CH;51.0;Женский;Женат;1.0;78231.0;1
6.9;0.0;39.21;Нет;Бюджетный;Auto;83.0;Женский;Одинокий;1.0;28796.4;0
5.67;0.0;103.8;Нет;Бесплатный;CC;87.0;Женский;Женат;1.0;50290.7;1
1.26;0.0;103.46;Нет;Бесплатный;CC;82.0;Женский;Одинокий;0.0;8604.64;1
29.06;0.3;65.36;Нет;Бюджетный;CH;97.0;Мужской;Женат;0.0;39383.4;0
0.0;0.0;4.62;Нет;Бесплатный;CC;21.0;Мужской;Одинокий;0.0;23893.9;1
18.74;0.0;113.11;Нет;Бюджетный;CC;62.0;Мужской;Одинокий;1.0;11359.6;0
2.31;8.82;8.5;Нет;Бесплатный;CH;96.0;Мужской;Женат;2.0;95184.9;1
24.76;0.0;54.14;Нет;Бесплатный;CH;53.0;Женский;Женат;2.0;19778.9;1
0.0;0.0;2.25;Да;Бюджетный;CH;83.0;Мужской;Одинокий;0.0;91926.0;1
27.7;6.12;124.15;Нет;Бесплатный;CH;95.0;Мужской;Женат;0.0;60101.1;0
25.21;0.0;58.43;Нет;Бесплатный;Auto;80.0;Женский;Одинокий;0.0;65209.6;1
23.72;0.0;186.1;Нет;Бесплатный;CC;84.0;Женский;Женат;2.0;23684.1;0
4.79;0.0;39.76;Нет;Бесплатный;CH;79.0;Женский;Одинокий;0.0;77644.1;0
22.78;0.0;45.03;Нет;Бюджетный;CH;78.0;Мужской;Женат;0.0;92198.8;0
0.0;0.0;1.97;Да;Бюджетный;CC;90.0;Мужской;Женат;0.0;56894.8;1
0.0;0.0;3.39;Нет;Бесплатный;CC;19.0;Мужской;Женат;2.0;58774.9;1
24.82;0.0;79.35;Нет;Бюджетный;CC;25.0;Женский;Одинокий;1.0;7320.73;1
1.21;0.0;72.62;Да;Бюджетный;CC;22.0;Женский;Женат;1.0;67744.5;0
23.22;0.0;143.81;Да;Бесплатный;CH;22.0;Женский;Одинокий;2.0;14905.0;1
27.0;0.0;13.01;Нет;Бесплатный;CC;37.0;Мужской;Женат;2.0;91272.2;0
0.0;0.0;1.39;Нет;Бюджетный;CC;28.0;Женский;Женат;1.0;7543.29;1
1.4;0.0;44.21;Да;Бесплатный;CC;92.0;Мужской;Женат;0.0;29854.3;0
5.81;0.0;11.48;Нет;Бесплатный;CC;83.0;Женский;Женат;0.0;89344.4;0
24.18;0.0;33.47;Нет;Бюджетный;CC;48.0;Женский;Женат;0.0;24737.8;0
4.64;1.77;68.63;Нет;Бесплатный;CC;77.0;Женский;Женат;0.0;39516.3;1
15.19;0.0;24.55;Да;Бюджетный;CC;30.0;Мужской;Женат;0.0;15819.6;0
23.56;0.0;21.12;Нет;Бюджетный;CH;75.0;Мужской;Женат;2.0;71035.4;0
10.46;0.0;17.08;Нет;Бюджетный;Auto;63.0;Женский;Одинокий;0.0;19854.2;1
29.42;0.0;332.46;Нет;Бюджетный;CC;62.0;Мужской;Женат;2.0;17888.7;0
23.44;0.0;6.7;Да;Бюджетный;CH;77.0;Мужской;Женат;1.0;21747.7;0
18.53;0.0;68.48;Нет;Бюджетный;CC;75.0;Женский;Одинокий;1.0;36939.7;1
23.81;1.72;29.78;Да;Бесплатный;CC;35.0;Мужской;Женат;2.0;86549.5;1
3.26;0.0;10.07;Нет;Бесплатный;CC;72.0;Мужской;Одинокий;1.0;95182.1;0
28.06;0.0;61.99;Нет;Бюджетный;CC;38.0;Женский;Женат;2.0;81309.5;0
24.77;0.0;20.08;Да;Бесплатный;CH;92.0;Женский;Женат;1.0;77129.1;1
11.83;1.21;50.94;Нет;Бесплатный;CC;86.0;Женский;Женат;0.0;31242.1;1
6.95;0.0;41.99;Да;Бесплатный;CH;81.0;Женский;Женат;1.0;50860.7;1
7.14;0.0;36.24;Нет;Бюджетный;CH;59.0;Женский;Одинокий;2.0;59478.8;1
6.91;7.22;128.11;Нет;Бесплатный;CC;70.0;Мужской;Женат;1.0;69406.7;1
12.87;0.0;92.85;Нет;Бесплатный;CC;29.0;Мужской;Одинокий;2.0;35235.9;1
11.19;0.0;75.6;Нет;Бесплатный;CC;67.0;Мужской;Одинокий;1.0;36415.3;0
2.8;0.0;69.79;Нет;Бесплатный;CC;38.0;Мужской;Женат;0.0;94002.6;0
14.97;0.0;74.25;Да;Бесплатный;CC;33.0;Женский;Женат;2.0;90971.4;0
15.28;0.0;25.62;Нет;Бесплатный;CC;79.0;Женский;Женат;2.0;87297.9;1
14.6;0.0;94.36;Нет;Бесплатный;CH;40.0;Мужской;Одинокий;0.0;67823.5;0
24.66;0.0;32.34;Нет;Бесплатный;CC;61.0;Мужской;Одинокий;0.0;77920.8;0
23.52;0.0;14.27;Нет;Бесплатный;CC;31.0;Мужской;Женат;2.0;11254.9;0
16.31;0.0;34.75;Нет;Бесплатный;CH;93.0;Мужской;Женат;2.0;40372.4;0
14.21;0.0;43.02;Нет;Бесплатный;CC;38.0;Женский;Женат;0.0;56518.4;0
11.24;6.82;115.45;Да;Бесплатный;CC;52.0;Мужской;Одинокий;1.0;37809.7;1
15.16;0.0;17.0;Нет;Бюджетный;CC;41.0;Женский;Женат;0.0;33520.9;1
3.37;0.0;43.54;Нет;Бюджетный;CH;47.0;Женский;Одинокий;1.0;59489.0;0
21.47;0.0;7.81;Да;Бюджетный;Auto;23.0;Женский;Женат;2.0;70032.2;0
28.24;0.0;36.96;Нет;Бюджетный;CH;77.0;Женский;Женат;0.0;17021.6;1
10.77;0.0;64.62;Нет;Бесплатный;CC;94.0;Женский;Женат;2.0;37742.0;0
21.44;0.0;38.82;Нет;Бюджетный;CC;71.0;Мужской;Женат;0.0;51195.5;0
3.33;0.0;99.32;Нет;Бюджетный;Auto;91.0;Женский;Женат;0.0;99309.0;1
15.79;0.0;77.73;Нет;Бесплатный;CC;52.0;Женский;Женат;0.0;67026.6;1
0.09;0.0;7.44;Да;Бесплатный;Auto;95.0;Мужской;Женат;2.0;92855.3;0
15.33;0.8;39.7;Нет;Бюджетный;CH;18.0;Женский;Женат;1.0;9929.4;0
25.48;0.0;21.37;Нет;Бюджетный;CC;33.0;Женский;Женат;2.0;28746.8;0
1.87;0.0;12.14;Нет;Бюджетный;CC;66.0;Женский;Женат;2.0;28384.5;1
0.0;0.0;1.12;Нет;Бесплатный;CC;77.0;Женский;Одинокий;0.0;29410.6;1
0.25;0.0;32.19;Нет;Бюджетный;CC;39.0;Мужской;Одинокий;2.0;18569.2;0
28.43;0.0;84.11;Нет;Бесплатный;CC;48.0;Женский;Одинокий;0.0;76142.0;0
27.26;0.0;69.37;Нет;Бесплатный;Auto;57.0;Женский;Женат;1.0;36016.9;1
23.5;4.92;59.85;Нет;Бесплатный;CC;21.0;Женский;Женат;0.0;64236.8;1
19.48;6.18;93.3;Да;Бюджетный;Auto;82.0;Женский;Одинокий;1.0;80066.3;1
0.0;0.0;3.63;Нет;Бесплатный;Auto;70.0;Мужской;Женат;1.0;17819.9;1
18.35;0.0;50.12;Нет;Бюджетный;CC;80.0;Мужской;Одинокий;1.0;13141.5;0
12.0;0.0;150.86;Нет;Бесплатный;CC;66.0;Мужской;Женат;1.0;31672.4;0
24.0;0.0;75.19;Нет;Бюджетный;CC;93.0;Мужской;Одинокий;1.0;4347.25;0
15.75;0.0;32.85;Да;Бесплатный;CC;39.0;Женский;Женат;1.0;46736.0;0
9.52;0.0;66.1;Нет;Бюджетный;CC;53.0;Мужской;Женат;2.0;17246.0;0
3.33;0.0;40.64;Нет;Бюджетный;Auto;22.0;Женский;Женат;1.0;91390.6;0
16.16;0.0;88.1;Нет;Бесплатный;CC;31.0;Женский;Одинокий;2.0;85401.7;0
9.51;0.0;103.28;Нет;Бесплатный;CC;89.0;Мужской;Женат;0.0;91655.8;0
17.66;0.0;23.42;Нет;Бесплатный;CH;28.0;Женский;Одинокий;1.0;4972.89;1
22.09;0.0;15.17;Да;Бесплатный;CH;56.0;Мужской;Женат;1.0;24626.0;0
1.66;0.0;14.11;Нет;Бесплатный;CC;63.0;Мужской;Женат;0.0;82981.0;0
6.19;9.16;105.3;Нет;Бюджетный;Auto;40.0;Женский;Женат;0.0;15980.1;1
27.42;0.0;23.72;Нет;Бюджетный;CC;77.0;Мужской;Женат;2.0;49910.7;0
21.45;0.0;55.47;Нет;Бюджетный;CC;88.0;Женский;Одинокий;2.0;94665.2;1
0.0;0.0;3.89;Нет;Бесплатный;CC;45.0;Женский;Одинокий;1.0;85627.9;1
17.48;0.0;24.21;Нет;Бюджетный;CC;84.0;Женский;Одинокий;0.0;95056.9;1
1.01;0.0;57.99;Нет;Бесплатный;CH;37.0;Женский;Женат;2.0;80869.8;0
0.0;0.0;1.6;Нет;Бюджетный;Auto;69.0;Мужской;Женат;0.0;62150.4;1
19.79;0.0;126.65;Нет;Бесплатный;Auto;84.0;Мужской;Одинокий;2.0;27958.5;0
28.24;0.0;139.13;Нет;Бюджетный;CC;91.0;Женский;Одинокий;0.0;48262.4;1
0.03;0.0;46.04;Да;Бесплатный;CC;60.0;Мужской;Одинокий;1.0;86629.3;0
26.52;0.0;32.2;Да;Бюджетный;CC;97.0;Мужской;Женат;2.0;75004.5;0
1.11;0.0;22.74;Нет;Бесплатный;CC;96.0;Мужской;Одинокий;0.0;83986.8;0
21.12;0.0;5.26;Нет;Бесплатный;CH;66.0;Женский;Одинокий;2.0;43654.4;0
13.62;0.0;188.56;Нет;Бюджетный;CC;91.0;Женский;Женат;1.0;82051.9;1
6.99;0.0;75.49;Нет;Бюджетный;CC;18.0;Мужской;Одинокий;2.0;87708.0;0
14.44;0.0;35.21;Нет;Бесплатный;CC;34.0;Женский;Одинокий;2.0;76578.7;0
21.74;0.0;5.04;Нет;Бюджетный;CH;28.0;Женский;Женат;1.0;24935.2;1
24.61;1.32;15.16;Нет;Бесплатный;CC;61.0;Женский;Одинокий;0.0;11890.1;1
16.25;0.0;66.62;Да;Бюджетный;CC;77.0;Мужской;Женат;2.0;29277.8;0
5.84;0.0;31.92;Да;Бюджетный;CC;47.0;Женский;Одинокий;0.0;28891.2;1
22.73;0.0;10.91;Нет;Бюджетный;CH;86.0;Женский;Женат;2.0;36090.7;1
25.63;0.0;9.45;Нет;Бесплатный;Auto;89.0;Женский;Женат;0.0;62229.6;1
0.0;0.0;4.3;Нет;Бюджетный;CC;87.0;Женский;Одинокий;0.0;21744.9;1
0.0;0.0;2.25;Нет;Бюджетный;CC;25.0;Женский;Одинокий;2.0;68616.5;1
0.0;0.0;1.21;Нет;Бюджетный;CC;20.0;Женский;Женат;2.0;84629.3;1
20.94;0.0;8.17;Нет;Бюджетный;CC;93.0;Мужской;Одинокий;0.0;38248.3;0
10.79;0.0;41.01;Нет;Бюджетный;CC;79.0;Мужской;Одинокий;2.0;97928.4;0
0.0;0.0;4.11;Нет;Бюджетный;CH;18.0;Мужской;Одинокий;2.0;37443.6;1
8.33;7.09;17.41;Нет;Бюджетный;CC;56.0;Мужской;Одинокий;1.0;92798.9;0
25.31;0.0;51.62;Да;Бюджетный;CC;94.0;Женский;Женат;2.0;38925.5;0
20.75;0.0;24.52;Нет;Бюджетный;CC;20.0;Мужской;Одинокий;2.0;68140.5;0
24.25;9.42;57.85;Да;Бесплатный;CC;21.0;Мужской;Одинокий;1.0;92788.1;1
29.98;0.0;146.44;Да;Бюджетный;CH;72.0;Женский;Женат;1.0;74263.8;1
27.77;0.0;91.09;Да;Бесплатный;CC;94.0;Женский;Одинокий;2.0;42983.3;0
12.76;0.0;16.42;Да;Бюджетный;CC;73.0;Женский;Женат;1.0;19621.6;1
2.83;0.0;40.25;Да;Бесплатный;CC;49.0;Мужской;Одинокий;1.0;29894.4;0
7.51;0.0;84.84;Нет;Бесплатный;CC;30.0;Мужской;Женат;2.0;18893.4;0
12.76;0.0;19.98;Нет;Бесплатный;CH;89.0;Мужской;Женат;0.0;60156.9;0
17.27;0.0;20.34;Да;Бесплатный;CC;83.0;Мужской;Одинокий;2.0;58580.6;0
9.57;0.0;10.47;Нет;Бюджетный;CH;23.0;Женский;Женат;0.0;869.57;1
11.03;0.0;87.33;Да;Бюджетный;CC;62.0;Женский;Женат;1.0;63314.6;1
12.28;0.0;10.42;Да;Бесплатный;CH;56.0;Женский;Женат;0.0;50290.7;1
9.4;0.0;13.9;Нет;Бесплатный;CH;90.0;Мужской;Одинокий;2.0;81997.0;0
24.03;0.0;48.06;Да;Бесплатный;CC;84.0;Женский;Одинокий;2.0;32964.2;0
10.85;0.0;122.45;Нет;Бюджетный;CC;48.0;Женский;Женат;2.0;44596.4;1
17.62;0.0;71.03;Нет;Бесплатный;CC;28.0;Мужской;Одинокий;2.0;88063.2;0
10.9;9.28;27.02;Да;Бюджетный;CH;47.0;Женский;Женат;1.0;57611.4;1
7.35;0.0;47.44;Нет;Бюджетный;CC;33.0;Мужской;Женат;1.0;19173.6;0
9.82;0.0;25.11;Нет;Бюджетный;Auto;21.0;Женский;Женат;1.0;78855.5;0
14.9;0.0;26.57;Нет;Бюджетный;Auto;93.0;Мужской;Одинокий;1.0;28485.7;0
3.86;0.0;37.21;Нет;Бюджетный;Auto;74.0;Женский;Одинокий;1.0;42002.0;1
0.0;0.0;1.84;Да;Бюджетный;CC;43.0;Женский;Женат;0.0;85205.1;1
13.72;0.0;13.35;Да;Бюджетный;Auto;72.0;Мужской;Одинокий;0.0;21079.2;0
5.35;0.0;42.46;Да;Бюджетный;CC;43.0;Мужской;Женат;0.0;12439.4;0
10.69;0.0;183.14;Да;Бюджетный;CC;30.0;Мужской;Женат;2.0;25298.6;0
0.0;0.0;2.35;Да;Бесплатный;CC;28.0;Мужской;Женат;0.0;99563.1;1
19.43;0.0;91.79;Нет;Бесплатный;CC;63.0;Мужской;Одинокий;2.0;39753.3;0
11.31;0.0;71.5;Да;Бюджетный;CH;75.0;Женский;Одинокий;1.0;57952.6;1
26.68;0.67;11.05;Нет;Бесплатный;CC;67.0;Женский;Одинокий;1.0;96519.1;1
22.56;0.0;410.61;Да;Бесплатный;CH;24.0;Женский;Одинокий;2.0;98226.2;0
27.96;0.0;87.16;Да;Бюджетный;CC;39.0;Женский;Женат;1.0;85980.9;0
27.33;7.42;112.31;Нет;Бюджетный;CC;53.0;Мужской;Одинокий;2.0;8854.31;1
7.76;0.0;19.57;Да;Бюджетный;CC;52.0;Женский;Одинокий;0.0;15906.0;1
4.3;0.0;7.16;Нет;Бюджетный;Auto;96.0;Мужской;Женат;1.0;2502.74;0
9.19;0.0;34.26;Да;Бесплатный;Auto;71.0;Мужской;Женат;0.0;37113.6;0
4.0;0.0;6.11;Да;Бесплатный;CC;46.0;Мужской;Одинокий;0.0;90866.5;0
17.13;3.04;23.99;Нет;Бесплатный;CC;60.0;Женский;Одинокий;1.0;92353.3;1
25.1;0.0;111.59;Нет;Бесплатный;CC;46.0;Женский;Женат;1.0;51014.0;1
16.35;0.0;15.25;Нет;Бесплатный;CC;58.0;Мужской;Женат;0.0;64789.8;0
25.12;0.0;284.11;Да;Бесплатный;CC;70.0;Женский;Женат;1.0;28197.3;1
27.82;0.0;124.75;Нет;Бесплатный;CH;70.0;Мужской;Одинокий;0.0;56421.8;0
17.13;0.0;12.34;Нет;Бюджетный;CC;82.0;Женский;Женат;1.0;49453.8;0
23.95;0.0;17.89;Да;Бюджетный;CC;80.0;Женский;Одинокий;2.0;47893.1;1
12.54;0.0;311.29;Нет;Бюджетный;CC;21.0;Женский;Одинокий;0.0;45612.9;0
2.74;0.0;180.97;Нет;Бюджетный;CC;54.0;Мужской;Женат;2.0;93476.6;0
23.25;0.0;10.62;Нет;Бесплатный;CC;46.0;Мужской;Одинокий;0.0;14865.8;0
0.0;0.0;3.08;Нет;Бесплатный;CC;77.0;Женский;Одинокий;2.0;79972.6;1
14.11;0.0;54.55;Да;Бесплатный;CC;37.0;Женский;Одинокий;0.0;47732.0;0
8.65;0.0;69.93;Нет;Бюджетный;CC;43.0;Женский;Одинокий;1.0;53989.3;1
5.36;0.0;27.14;Нет;Бюджетный;CC;23.0;Женский;Женат;1.0;22767.0;1
25.93;0.0;77.29;Нет;Бюджетный;CC;82.0;Женский;Женат;1.0;77265.5;1
27.9;0.0;6.58;Да;Бесплатный;CC;19.0;Женский;Женат;1.0;73089.7;0
0.0;0.0;2.64;Нет;Бюджетный;CC;82.0;Мужской;Женат;2.0;30271.4;1
5.5;4.51;42.64;Нет;Бюджетный;Auto;94.0;Мужской;Женат;0.0;83876.4;1
21.76;0.0;11.01;Нет;Бюджетный;CC;56.0;Мужской;Женат;2.0;79952.9;0
28.15;0.0;22.92;Нет;Бюджетный;CH;60.0;Женский;Женат;2.0;48874.7;1
17.41;0.0;6.32;Нет;Бесплатный;CC;20.0;Женский;Одинокий;2.0;43046.4;0
2.54;0.0;52.65;Да;Бесплатный;CC;65.0;Женский;Женат;0.0;10391.1;1
29.65;0.0;55.93;Нет;Бесплатный;CH;32.0;Женский;Женат;2.0;16705.6;0
12.89;0.0;53.82;Да;Бесплатный;Auto;66.0;Женский;Женат;2.0;67239.4;1
11.02;0.0;49.41;Нет;Бюджетный;CH;94.0;Мужской;Женат;1.0;76213.2;0
17.46;0.0;12.45;Нет;Бесплатный;CH;82.0;Мужской;Одинокий;0.0;37498.2;0
2.16;0.0;227.0;Да;Бесплатный;CC;41.0;Женский;Женат;1.0;47916.3;1
7.11;0.0;19.5;Нет;Бюджетный;Auto;81.0;Мужской;Одинокий;0.0;67634.7;0
13.23;0.0;26.88;Нет;Бесплатный;CH;70.0;Мужской;Женат;1.0;76837.4;0
1.85;0.0;34.18;Да;Бесплатный;CC;64.0;Мужской;Женат;1.0;36510.9;0
15.93;2.21;73.07;Да;Бюджетный;Auto;68.0;Женский;Женат;0.0;73728.3;1
9.82;0.0;82.45;Да;Бюджетный;CC;60.0;Женский;Женат;1.0;40792.3;0
8.87;0.0;81.17;Нет;Бесплатный;Auto;89.0;Мужской;Женат;2.0;64009.7;0
17.66;0.0;71.07;Нет;Бесплатный;CC;53.0;Женский;Одинокий;0.0;95584.5;0
27.5;0.0;6.15;Да;Бюджетный;Auto;56.0;Женский;Женат;1.0;87302.6;1
2.86;0.0;75.73;Нет;Бюджетный;Auto;48.0;Женский;Женат;0.0;98129.0;1
13.7;0.0;74.18;Нет;Бюджетный;CH;90.0;Женский;Одинокий;2.0;97445.2;1
26.47;0.0;13.95;Нет;Бюджетный;CC;34.0;Женский;Женат;2.0;24325.8;0
3.04;0.0;42.92;Нет;Бесплатный;CC;54.0;Женский;Женат;1.0;40027.6;1
19.56;0.0;34.42;Нет;Бесплатный;CC;83.0;Мужской;Женат;2.0;25108.2;0
19.02;0.0;52.26;Нет;Бесплатный;CC;74.0;Мужской;Одинокий;1.0;18064.4;0
8.76;0.0;25.64;Да;Бюджетный;CC;20.0;Женский;Женат;1.0;2976.91;0
0.0;0.0;1.51;Нет;Бюджетный;CH;61.0;Мужской;Женат;2.0;25303.2;1
20.24;0.0;25.13;Да;Бесплатный;CC;19.0;Мужской;Женат;2.0;92981.2;0
0.64;0.0;121.18;Нет;Бесплатный;CC;29.0;Мужской;Одинокий;0.0;94179.1;0
0.0;0.0;0.66;Да;Бесплатный;CC;92.0;Мужской;Одинокий;0.0;49551.8;1
15.29;0.0;52.28;Нет;Бюджетный;CC;44.0;Мужской;Женат;1.0;91008.7;0
27.37;0.2;48.9;Да;Бесплатный;CH;19.0;Женский;Одинокий;1.0;24896.1;1
21.91;6.71;27.0;Да;Бюджетный;CC;52.0;Мужской;Одинокий;0.0;88413.4;1
1.11;0.0;115.61;Нет;Бесплатный;CC;94.0;Женский;Одинокий;1.0;91346.9;0
10.88;0.0;47.66;Да;Бюджетный;CC;94.0;Женский;Одинокий;2.0;49724.1;1
0.0;0.0;4.09;Нет;Бюджетный;CH;88.0;Женский;Женат;1.0;36970.2;1
18.23;0.0;23.52;Да;Бюджетный;Auto;59.0;Мужской;Женат;2.0;35119.1;0
24.42;0.0;104.95;Нет;Бесплатный;CC;83.0;Мужской;Женат;2.0;85753.4;0
22.49;0.0;151.61;Да;Бесплатный;Auto;56.0;Мужской;Женат;2.0;85275.0;0
21.32;0.0;7.55;Нет;Бесплатный;CC;30.0;Женский;Женат;2.0;16948.8;0
0.0;0.0;0.62;Нет;Бесплатный;CC;84.0;Женский;Одинокий;0.0;77462.0;1
0.0;0.0;1.18;Да;Бюджетный;CC;79.0;Мужской;Одинокий;2.0;89566.2;1
24.93;9.13;12.8;Нет;Бесплатный;CC;71.0;Женский;Женат;2.0;80844.5;1
21.54;0.0;12.13;Да;Бесплатный;CC;26.0;Женский;Женат;1.0;68200.0;0
0.0;0.0;4.76;Нет;Бесплатный;CC;27.0;Женский;Женат;0.0;50290.7;1
10.67;0.0;233.81;Нет;Бюджетный;CC;87.0;Женский;Женат;1.0;12935.2;1
25.46;0.0;43.91;Да;Бесплатный;Auto;46.0;Мужской;Женат;0.0;10689.4;0
8.46;0.0;22.65;Нет;Бесплатный;CC;51.0;Женский;Одинокий;2.0;2638.11;1
0.0;0.0;1.65;Нет;Бесплатный;Auto;88.0;Женский;Женат;2.0;80326.6;1
12.86;0.04;156.51;Да;Бюджетный;CC;18.0;Женский;Женат;0.0;13441.5;0
14.77;0.0;30.42;Нет;Бесплатный;CH;86.0;Мужской;Женат;0.0;92167.3;0