region;tenure;age;marital;address;income;employ;retire;gender;reside;custcat;churn
Region 2;13;44;mar;9;64;5;no;f;2;cat 1;1
Region 3;11;33;mar;7;136;5;no;f;6;cat 4;1
Region 3;68;52;mar;24;116;29;no;;;;0
Region 2;;33;;12;;;no;;1;cat 1;1
Region 2;23;30;mar;9;30;2;no;f;4;cat 3;0
Region 2;41;;unmar;17;78;16;no;m;1;cat 3;0
Region 3;45;22;mar;;19;;no;;5;cat 2;1
Region 2;38;35;unmar;5;76;10;;f;3;cat 4;0
Region 3;45;;;7;;31;;f;5;cat 3;0
Region 1;68;41;mar;21;;22;;f;;;0
Region 2;5;33;unmar;10;;5;;m;;;1
Region 3;7;35;unmar;14;80;;no;m;1;cat 3;0
Region 1;;38;mar;8;37;9;no;m;3;cat 1;0
Region 2;;54;mar;30;115;23;no;m;3;cat 4;1
Region 2;;46;unmar;3;25;8;no;m;2;cat 1;0
Region 1;29;38;mar;12;75;1;no;f;4;;0
Region 3;60;57;unmar;38;162;30;no;f;1;;0
Region 3;34;48;unmar;3;49;6;no;;;;0
Region 2;;;unmar;3;20;3;no;;;;0
Region 1;;;mar;3;77;2;no;;;cat 4;1
Region 3;;;unmar;7;16;1;no;m;1;cat 2;1
Region 1;68;52;mar;17;120;24;no;f;2;cat 1;0
Region 3;53;33;;;101;4;no;m;2;cat 4;0
Region 3;55;48;;;67;25;no;f;3;cat 1;0
Region 3;14;43;mar;18;36;5;no;f;5;cat 3;0
Region 2;1;21;unmar;0;33;0;no;m;3;cat 3;0
Region 2;42;40;unmar;7;37;8;no;m;;;0
Region 3;25;33;mar;11;31;5;no;f;4;cat 3;0
Region 1;9;21;;1;17;2;no;m;3;cat 1;0
Region 2;13;33;;9;19;;;;;cat 2;0
Region 1;56;37;;6;36;13;no;;;cat 2;0
Region 1;71;53;mar;;;12;no;;;cat 4;0
Region 1;35;50;mar;;;21;no;m;4;cat 3;0
Region 1;11;27;mar;8;55;0;no;f;3;cat 2;0
Region 2;60;46;mar;13;163;24;no;f;2;cat 4;0
Region 3;20;35;mar;11;52;0;no;f;2;cat 2;1
Region 2;54;60;unmar;38;211;25;no;f;1;cat 4;0
Region 1;44;57;mar;1;186;17;no;f;2;cat 3;0
Region 1;11;41;mar;0;39;1;no;m;2;cat 3;1
Region 2;72;57;unmar;34;22;35;yes;m;1;cat 3;0
Region 3;10;41;unmar;7;30;7;no;f;1;cat 3;0
Region 2;15;28;unmar;0;29;4;no;m;1;cat 3;0
Region 2;27;28;mar;4;23;8;no;f;5;cat 1;0
Region 1;9;36;mar;14;62;10;no;f;6;cat 4;1
Region 1;64;43;mar;20;76;20;no;m;4;cat 3;0
Region 1;65;41;mar;3;74;16;no;f;2;cat 2;0
Region 1;49;51;mar;27;63;19;no;f;5;cat 2;0
Region 3;47;41;mar;0;36;8;no;f;2;cat 4;1
Region 3;9;34;mar;9;33;8;no;m;4;cat 1;1
Region 1;5;36;unmar;14;29;9;no;m;1;cat 3;1
Region 2;30;34;mar;4;27;1;no;f;5;cat 1;1
Region 1;56;52;mar;28;49;12;no;f;4;cat 2;0
Region 3;10;22;unmar;0;24;0;no;f;1;cat 4;0
Region 1;7;26;mar;3;26;2;no;f;5;cat 1;0
Region 1;52;27;;;;;no;f;2;cat 1;0
Region 2;36;45;mar;1;94;18;no;m;5;cat 1;1
Region 3;27;34;unmar;8;21;4;no;m;1;cat 2;0
Region 1;58;62;mar;36;27;0;no;f;2;cat 1;0
Region 2;41;52;unmar;27;30;2;no;m;1;cat 3;0
Region 2;47;40;mar;16;127;12;no;m;4;cat 2;0
Region 2;55;39;mar;15;137;20;;;;cat 3;1
Region 2;56;50;mar;1;80;24;no;m;4;cat 4;0
Region 3;35;55;unmar;24;30;2;no;f;1;cat 1;0
Region 2;69;;;;;;no;m;2;cat 4;0
Region 2;44;;;;;;no;f;1;cat 4;1
Region 3;36;;;;;;no;f;2;cat 1;0
Region 3;28;;;;;;no;m;6;cat 3;0
Region 1;72;67;mar;44;51;34;yes;f;2;cat 3;0
Region 1;16;27;unmar;5;37;5;no;f;4;cat 1;0
Region 3;3;43;unmar;19;61;11;no;;;cat 1;1
Region 1;40;57;mar;15;22;9;no;;;cat 1;0
Region 3;16;39;unmar;6;44;3;no;;;cat 2;0
Region 1;20;42;unmar;4;17;5;no;f;1;cat 1;0
Region 2;48;43;unmar;13;110;15;no;m;3;cat 2;0
Region 2;64;48;mar;13;91;24;no;f;2;cat 3;0
Region 1;8;46;unmar;3;;;;;;cat 1;0
Region 1;40;38;mar;10;85;12;no;f;2;cat 3;1
Region 2;38;71;unmar;27;10;12;yes;f;1;cat 1;0
Region 1;67;68;unmar;28;244;47;no;m;1;cat 3;0
Region 1;26;42;unmar;0;80;15;no;m;1;cat 4;0
Region 3;41;34;mar;15;83;1;no;m;2;cat 4;0
Region 2;2;31;unmar;2;21;6;no;f;1;cat 1;1
Region 3;20;48;mar;29;24;3;no;f;2;cat 4;1
Region 2;31;53;unmar;2;351;31;no;m;1;cat 3;0
Region 2;45;52;mar;4;169;29;no;m;4;cat 2;0
Region 2;33;27;mar;7;46;7;no;f;4;cat 1;0
Region 1;10;26;unmar;6;34;3;no;f;1;cat 2;0
Region 2;62;54;mar;2;50;3;no;f;2;cat 4;1
Region 2;4;35;unmar;16;161;6;no;m;1;cat 4;1
Region 1;42;47;mar;17;212;17;no;f;2;cat 3;0
Region 3;27;51;mar;3;80;11;no;f;3;cat 2;0
Region 2;38;42;unmar;1;30;7;no;m;1;cat 1;0
Region 3;52;61;mar;3;53;1;no;m;2;cat 2;0
Region 3;35;33;unmar;9;73;4;no;m;1;cat 4;0
Region 3;3;20;mar;1;17;0;no;m;4;cat 1;1
Region 2;17;33;unmar;9;23;3;no;f;1;cat 4;1
Region 1;55;53;mar;21;34;8;no;f;2;cat 3;0
Region 3;43;36;mar;5;107;19;no;m;3;cat 2;1
Region 2;47;25;mar;5;21;1;no;m;2;cat 3;1
Region 3;65;58;unmar;30;83;16;no;m;1;cat 2;0
Region 1;13;20;unmar;1;17;0;no;f;5;cat 4;0
Region 3;64;25;mar;4;76;2;no;m;6;cat 3;0
Region 2;12;24;unmar;2;19;0;no;f;1;cat 3;1
Region 1;29;32;mar;0;49;3;no;m;3;cat 2;1
Region 2;23;47;unmar;21;173;22;no;m;1;cat 2;0
Region 2;14;35;unmar;4;47;10;no;m;1;cat 2;1
Region 1;35;61;unmar;23;41;11;no;f;1;cat 1;0
Region 3;26;39;unmar;8;105;13;no;m;1;cat 4;0
Region 1;13;54;unmar;2;31;2;no;f;1;cat 1;0
Region 2;69;40;mar;13;41;17;no;f;3;cat 2;0
Region 3;61;50;mar;30;102;9;no;m;3;cat 2;0
Region 2;45;22;mar;2;36;0;no;m;5;cat 2;1
Region 2;3;37;unmar;13;24;3;no;m;1;cat 1;0
Region 2;53;22;unmar;1;25;0;no;f;2;cat 2;0
Region 1;59;42;unmar;1;68;21;no;m;1;cat 3;0
Region 1;13;34;unmar;11;20;0;no;m;1;cat 1;0
Region 3;31;31;unmar;4;48;15;no;f;1;cat 3;0
Region 1;40;29;mar;6;40;8;no;m;5;cat 3;0
Region 1;48;55;unmar;15;79;25;no;f;1;cat 3;0
Region 3;3;31;unmar;1;28;0;no;f;1;cat 1;1
Region 2;51;48;unmar;12;64;22;no;m;1;cat 1;0
Region 3;33;41;unmar;15;37;11;no;f;1;cat 1;0
Region 3;14;47;mar;7;48;13;no;f;2;cat 1;0
Region 1;17;42;mar;6;131;6;no;f;3;cat 2;1
Region 3;19;29;mar;9;18;2;no;f;3;cat 1;1
Region 2;58;36;unmar;10;38;14;no;m;1;cat 2;0
Region 3;22;23;unmar;3;37;4;no;m;3;cat 4;0
Region 2;29;31;mar;1;60;6;no;f;5;cat 2;1
Region 3;14;22;mar;2;13;0;no;m;4;cat 2;1
Region 2;70;64;mar;18;98;31;no;m;2;cat 4;0
Region 1;62;52;mar;2;195;23;no;f;2;cat 3;1
Region 2;7;35;mar;0;47;14;no;f;5;cat 1;1
Region 1;56;47;mar;19;65;22;no;f;3;cat 4;0
Region 1;50;50;mar;22;150;5;no;m;4;cat 2;1
Region 2;57;39;unmar;6;106;8;no;f;1;cat 3;0
Region 3;2;40;unmar;19;51;14;no;m;1;cat 1;0
Region 2;40;38;unmar;17;96;0;no;m;1;cat 1;0
Region 2;6;43;unmar;4;33;7;no;f;2;cat 3;0
Region 3;23;25;mar;6;38;1;no;m;3;cat 3;0
Region 3;11;32;unmar;6;125;5;no;f;1;cat 4;1
Region 1;29;37;mar;13;145;0;no;m;4;cat 4;0
Region 1;42;44;mar;2;99;21;no;f;3;cat 3;0
Region 1;20;34;mar;2;22;0;no;m;3;cat 4;0
Region 2;72;60;mar;21;31;38;yes;f;2;cat 2;0
Region 1;2;36;unmar;3;25;6;no;m;1;cat 3;0
Region 3;46;25;unmar;5;57;0;no;m;2;cat 1;0
Region 2;39;51;mar;21;41;20;no;f;6;cat 4;0
Region 3;24;;;;;;;;2;cat 2;1
Region 3;59;;;;;;;;5;cat 2;0
Region 1;65;;;;;;;;1;cat 2;0
Region 2;50;27;mar;5;22;5;no;m;3;cat 1;0
Region 1;57;37;unmar;11;108;9;no;m;1;cat 3;0
Region 3;61;48;unmar;14;115;20;no;m;1;cat 4;0
Region 3;34;54;unmar;31;53;22;no;f;1;cat 4;0
Region 3;38;53;unmar;13;242;;;;;;0
Region 1;3;24;mar;2;20;3;no;m;5;cat 3;0
Region 2;4;47;unmar;5;123;11;no;f;1;cat 1;0
Region 2;15;35;unmar;0;34;12;no;f;1;cat 1;0
Region 1;25;29;mar;8;31;3;no;m;5;cat 2;1
Region 3;21;44;unmar;25;47;12;no;m;2;cat 3;0
Region 3;50;37;mar;11;48;8;no;m;2;cat 3;0
Region 2;65;64;mar;22;13;5;yes;m;3;cat 3;0
Region 2;59;52;mar;18;78;25;no;f;2;cat 1;0
Region 3;29;26;unmar;;;7;no;m;2;cat 3;0
Region 1;60;46;unmar;;;9;no;m;1;cat 2;0
Region 1;71;45;mar;14;86;25;no;f;2;cat 2;0
Region 3;38;27;mar;0;26;2;no;f;4;cat 4;1
Region 3;16;34;mar;5;51;8;no;m;5;cat 1;0
Region 3;7;31;unmar;10;59;10;no;f;1;cat 1;0
Region 1;59;53;unmar;21;112;16;no;f;1;cat 2;1
Region 2;22;56;mar;14;57;28;;;;cat 4;0
Region 1;18;48;mar;20;41;2;;;;cat 1;0
Region 2;64;46;mar;19;168;26;no;m;2;cat 4;0
Region 2;7;33;unmar;4;29;4;no;m;3;cat 1;1
Region 3;65;58;unmar;13;167;14;no;m;2;cat 2;0
Region 3;;;;;;;;f;3;cat 1;1
Region 1;;;;;;;;m;1;cat 3;0
Region 3;;;;;;;;f;2;cat 4;1
Region 3;33;26;unmar;5;46;1;no;m;3;cat 4;0
Region 1;3;33;unmar;8;51;0;no;m;1;cat 1;1
Region 2;69;42;mar;11;65;18;no;f;2;cat 4;0
Region 2;9;33;unmar;1;48;13;;;;;0
Region 3;22;34;mar;1;46;1;no;f;4;cat 2;0
Region 2;53;63;mar;15;43;18;no;f;2;cat 2;0
Region 3;71;53;unmar;30;110;34;no;f;1;cat 2;0
Region 3;24;26;unmar;;;;;f;3;cat 1;0
Region 3;12;22;mar;;;;;m;2;cat 1;0
Region 1;25;39;mar;;;;;f;4;cat 2;1
Region 3;63;28;mar;;;;;m;6;cat 3;0
Region 1;33;54;mar;18;57;4;no;m;3;cat 3;1
Region 2;57;54;mar;20;21;0;no;m;3;cat 1;0
Region 3;13;33;unmar;7;38;10;no;m;1;cat 4;0
Region 1;13;21;unmar;2;19;0;no;m;1;cat 2;1
Region 1;71;39;unmar;2;40;17;no;f;1;cat 3;0
Region 3;18;69;mar;11;58;8;no;f;2;cat 4;0
Region 1;17;51;mar;10;95;15;no;m;2;cat 1;1
Region 2;22;43;unmar;4;114;19;no;f;1;cat 1;0
Region 2;65;65;mar;27;128;24;no;f;2;cat 3;0
Region 3;7;40;unmar;9;33;2;no;m;1;cat 1;0
Region 3;72;66;unmar;30;460;41;no;m;1;cat 4;0
Region 1;35;43;unmar;12;224;17;no;f;1;cat 1;0
Region 1;24;39;unmar;2;122;12;no;f;3;cat 4;0
Region 1;64;24;mar;0;23;1;no;m;5;cat 2;0
Region 2;63;63;mar;19;191;27;no;f;2;cat 2;0
Region 1;38;31;mar;7;187;6;no;f;3;cat 4;1
Region 2;29;37;mar;9;119;12;no;f;3;cat 1;0
Region 1;72;69;mar;49;44;44;yes;m;2;cat 3;0
Region 1;10;27;mar;2;15;2;no;m;2;cat 4;1
Region 3;72;64;unmar;41;674;37;no;m;1;cat 3;0
Region 3;52;23;mar;4;33;0;no;m;2;cat 3;0
Region 3;13;55;unmar;3;250;35;no;m;2;cat 1;0
Region 1;3;33;unmar;6;64;0;no;f;2;cat 1;1
Region 3;39;24;mar;;;;;;;;1
Region 2;28;29;unmar;;;;;;;;0
Region 2;46;42;unmar;9;52;7;no;f;3;cat 2;0
Region 2;62;46;unmar;27;200;9;no;m;1;cat 1;0
Region 2;23;33;mar;7;28;4;no;f;2;cat 3;0
Region 3;23;25;mar;5;19;0;no;f;3;cat 4;1
Region 2;72;61;mar;39;76;21;no;f;2;cat 4;0
Region 3;56;60;unmar;26;70;20;no;f;1;cat 1;0
Region 1;8;30;;;;;no;m;1;cat 3;0
Region 3;3;36;;;;;no;m;3;cat 4;0
Region 3;37;37;unmar;7;172;13;no;f;1;cat 1;0
Region 3;37;53;mar;13;48;10;no;f;3;cat 3;0
Region 2;6;30;unmar;9;45;2;no;m;1;cat 1;1
Region 1;48;47;unmar;9;72;13;no;f;5;cat 4;1
Region 2;43;43;mar;3;55;18;no;m;4;cat 4;0
Region 2;21;29;unmar;7;40;2;no;m;4;cat 1;0
Region 3;6;33;unmar;12;26;0;no;f;1;cat 3;1
Region 2;69;51;unmar;18;96;33;no;f;4;cat 3;0
Region 1;22;33;unmar;9;54;10;no;f;1;cat 3;0
Region 1;28;40;mar;1;47;9;no;m;3;cat 3;0
Region 1;71;47;mar;23;142;30;no;f;2;cat 2;0
Region 2;7;37;unmar;5;57;1;no;f;1;cat 1;0
Region 1;63;29;unmar;10;20;7;no;f;2;cat 4;0
Region 2;53;57;unmar;25;37;7;no;f;1;cat 2;0
Region 2;50;52;mar;17;36;16;no;f;4;cat 4;0
Region 2;39;31;mar;6;24;2;no;f;2;cat 4;0
Region 3;16;19;unmar;0;21;0;no;m;1;cat 1;0
Region 3;43;51;mar;15;186;25;no;f;2;cat 4;0
Region 3;44;31;unmar;12;30;7;no;m;3;cat 1;0
Region 2;72;66;mar;43;96;16;no;m;2;cat 4;0
Region 3;61;76;unmar;39;15;29;yes;f;1;cat 3;0
Region 3;43;21;mar;1;25;4;no;f;4;cat 2;1
Region 3;24;39;unmar;11;49;7;no;m;1;cat 1;0
Region 3;64;45;unmar;4;38;7;no;m;1;cat 3;1
Region 2;64;38;unmar;0;29;2;no;f;2;cat 2;0
Region 1;24;26;unmar;7;55;7;no;m;1;cat 1;0
Region 3;33;55;mar;21;64;10;no;m;3;cat 1;0
Region 2;33;33;mar;12;42;7;no;m;5;cat 2;0
Region 1;2;40;unmar;9;134;2;no;f;1;cat 1;0
Region 2;42;48;mar;22;82;21;no;m;5;cat 4;0
Region 1;52;54;mar;5;153;10;no;f;2;cat 2;1
Region 1;45;66;unmar;43;144;13;no;m;1;cat 2;0
Region 3;3;25;unmar;4;22;0;no;f;2;cat 4;1
Region 2;37;53;mar;16;35;16;no;m;4;cat 3;0
Region 2;28;57;unmar;33;82;22;no;m;1;cat 2;1
Region 3;40;63;mar;9;61;22;no;f;2;cat 1;0
Region 2;37;33;unmar;1;102;12;no;f;1;cat 4;0
Region 3;7;27;unmar;5;31;4;no;f;5;cat 4;1
Region 1;71;56;unmar;23;170;30;no;m;1;cat 4;0
Region 2;19;46;unmar;11;26;0;no;m;1;cat 1;0
Region 2;61;40;unmar;15;85;15;no;m;1;cat 3;0
Region 3;70;53;mar;16;183;35;no;m;2;cat 2;0
Region 2;60;55;mar;13;67;18;no;m;2;cat 1;0
Region 3;48;45;mar;5;42;11;no;m;2;cat 1;0
Region 1;8;63;mar;1;31;9;no;f;2;cat 3;0
Region 2;58;58;mar;10;96;17;no;f;4;cat 3;0
Region 1;16;24;mar;5;24;2;no;f;5;cat 3;0
Region 2;33;33;unmar;4;53;14;no;m;1;cat 1;0
Region 2;39;25;unmar;4;18;0;no;m;1;cat 3;0
Region 1;62;51;unmar;10;43;19;no;f;2;cat 2;0
Region 1;50;34;unmar;10;104;9;no;f;1;cat 4;0
Region 2;48;55;unmar;31;26;1;no;f;1;cat 1;0
Region 3;31;62;unmar;5;56;26;no;m;1;cat 3;0
Region 2;65;33;mar;9;49;6;no;f;5;cat 2;0
Region 1;36;58;unmar;34;80;21;no;m;1;cat 2;0
Region 1;61;46;unmar;5;318;18;no;m;1;cat 3;0
Region 2;48;42;unmar;21;35;5;no;f;1;cat 3;0
Region 3;35;45;unmar;17;29;6;no;f;1;cat 1;0
Region 1;51;28;unmar;8;43;1;no;f;5;cat 4;0
Region 2;49;51;mar;5;80;3;no;f;2;cat 4;1
Region 1;35;39;mar;11;30;2;no;m;3;cat 3;1
Region 1;58;70;unmar;2;9;24;yes;m;1;cat 2;0
Region 1;23;35;mar;0;23;1;no;f;5;cat 3;0
Region 2;26;39;mar;15;58;9;no;m;2;cat 3;0
Region 1;38;37;mar;1;52;20;no;m;4;cat 4;0
Region 1;35;66;mar;44;14;12;yes;m;2;cat 3;0
Region 2;37;50;unmar;9;110;21;no;m;1;cat 3;0
Region 2;48;43;mar;1;60;12;no;f;2;cat 2;0
Region 3;13;43;mar;1;123;21;no;f;5;cat 4;0
Region 1;72;63;mar;29;15;31;yes;f;2;cat 3;0
Region 1;30;27;unmar;4;47;2;no;m;2;cat 2;1
Region 1;24;43;unmar;14;138;11;no;m;1;cat 3;0
Region 2;25;51;mar;20;359;29;no;f;2;cat 4;0
Region 2;50;52;unmar;30;214;22;no;f;1;cat 4;0
Region 2;28;40;unmar;7;64;19;no;f;1;cat 3;0
Region 3;34;51;unmar;8;50;14;no;f;1;cat 1;0
Region 1;48;32;unmar;2;88;9;no;f;1;cat 4;0
Region 2;42;36;mar;8;86;15;no;m;2;cat 2;0
Region 3;67;65;mar;30;17;29;yes;m;2;cat 3;0
Region 1;17;41;mar;7;25;17;no;f;3;cat 3;0
Region 1;29;38;mar;19;46;6;no;f;2;cat 2;0
Region 3;66;61;unmar;26;361;40;no;m;1;cat 2;0
Region 2;1;21;unmar;1;18;0;no;m;1;cat 1;1
Region 1;28;33;mar;3;14;1;no;f;3;cat 4;1
Region 1;15;35;mar;5;34;8;no;f;2;cat 2;1
Region 2;12;64;unmar;13;9;6;yes;m;1;cat 3;0
Region 3;48;49;unmar;18;39;5;no;m;1;cat 4;1
Region 2;59;25;mar;4;18;2;no;f;4;cat 1;0
Region 3;8;26;mar;1;25;1;no;f;2;cat 1;1
Region 1;45;52;unmar;15;46;8;no;m;1;cat 2;1
Region 1;25;39;mar;8;94;11;no;m;4;cat 2;1
Region 1;21;44;mar;4;26;2;no;f;2;cat 4;0
Region 2;17;68;mar;1;335;35;no;m;3;cat 4;0
Region 2;41;45;unmar;14;25;6;no;f;1;cat 1;1
Region 1;13;45;mar;3;99;8;no;m;2;cat 3;1
Region 2;1;26;mar;3;30;7;no;m;5;cat 1;1
Region 3;3;31;mar;4;35;2;no;m;3;cat 4;1
Region 1;23;27;mar;2;51;1;no;m;2;cat 1;1
Region 3;26;42;unmar;20;49;13;no;f;1;cat 4;1
Region 1;37;51;mar;15;54;15;no;f;3;cat 3;0
Region 3;5;30;unmar;3;46;7;no;f;1;cat 2;1
Region 1;32;27;mar;3;91;1;no;m;3;cat 4;1
Region 3;12;22;unmar;1;23;0;no;f;2;cat 1;0
Region 1;72;54;mar;6;345;32;no;f;2;cat 3;0
Region 3;3;25;mar;2;45;0;no;m;2;cat 1;1
Region 1;54;43;unmar;12;53;12;no;f;1;cat 3;0
Region 2;26;26;unmar;2;14;6;no;m;1;cat 4;1
Region 3;14;36;unmar;13;67;4;no;m;1;cat 1;0
Region 3;22;51;unmar;27;49;1;no;f;1;cat 1;0
Region 3;65;47;mar;18;37;15;no;m;4;cat 1;0
Region 3;26;45;unmar;18;33;9;no;f;1;cat 1;0
Region 1;20;37;unmar;5;46;10;no;m;4;cat 4;0
Region 2;67;60;mar;32;93;21;no;f;4;cat 2;0
Region 1;34;55;unmar;2;48;11;no;f;1;cat 1;0
Region 1;37;54;mar;35;183;22;no;f;3;cat 3;0
Region 2;22;23;mar;3;16;5;no;f;4;cat 1;0
Region 2;5;69;unmar;0;11;14;yes;f;1;cat 1;0
Region 1;28;31;mar;0;42;5;no;m;3;cat 3;0
Region 1;20;41;mar;7;67;14;no;m;4;cat 1;0
Region 3;72;41;unmar;20;181;12;no;f;1;cat 4;0
Region 2;30;43;unmar;18;53;6;no;f;1;cat 1;0
Region 3;71;52;unmar;17;172;32;no;f;1;cat 4;0
Region 2;56;44;unmar;24;87;19;no;f;1;cat 3;0
Region 1;8;29;mar;2;21;0;no;f;2;cat 1;1
Region 2;32;65;unmar;6;9;30;yes;m;1;cat 2;0
Region 2;46;47;unmar;22;144;22;no;m;2;cat 3;1
Region 3;60;45;mar;23;117;11;no;f;3;cat 4;0
Region 2;42;32;mar;0;59;4;no;m;6;cat 4;0
Region 3;71;60;mar;39;508;35;no;f;4;cat 4;0
Region 2;72;63;mar;40;222;43;yes;m;2;cat 3;0
Region 3;45;66;unmar;11;87;25;yes;m;1;cat 1;0
Region 3;5;31;unmar;4;34;9;no;f;1;cat 3;1
Region 2;17;38;mar;19;18;0;no;m;4;cat 2;0
Region 2;70;55;unmar;12;65;24;no;f;1;cat 3;0
Region 3;57;57;mar;19;130;27;no;m;2;cat 2;0
Region 1;20;33;unmar;13;44;8;no;m;1;cat 2;0
Region 1;72;52;mar;21;63;24;no;f;3;cat 3;0
Region 3;32;50;unmar;28;57;20;no;f;1;cat 3;0
Region 3;22;57;mar;7;264;35;no;m;2;cat 3;0
Region 2;6;24;unmar;2;28;5;no;f;2;cat 3;1
Region 3;32;23;mar;2;26;1;no;m;6;cat 4;0
Region 1;38;33;unmar;3;38;0;no;f;1;cat 2;0
Region 1;53;35;unmar;15;59;5;no;m;1;cat 3;0
Region 3;37;76;unmar;38;117;21;no;m;1;cat 1;0
Region 1;47;35;mar;13;70;9;no;m;2;cat 4;1
Region 3;69;59;unmar;37;104;13;no;f;1;cat 3;0
Region 3;63;56;unmar;17;71;18;no;m;1;cat 1;0
Region 1;61;34;mar;0;70;7;no;m;3;cat 4;1
Region 1;56;38;mar;8;56;10;no;f;2;cat 4;0
Region 3;40;57;mar;18;68;23;no;f;2;cat 3;0
Region 2;61;45;unmar;21;80;13;no;m;1;cat 2;0
Region 2;16;26;unmar;7;21;1;no;f;6;cat 4;0
Region 2;7;43;unmar;4;69;5;no;m;1;cat 1;0
Region 3;20;31;mar;10;39;3;no;m;2;cat 1;0
Region 2;35;38;unmar;7;90;18;no;f;4;cat 2;0
Region 1;60;37;mar;12;64;1;no;m;2;cat 2;0
Region 2;47;25;unmar;2;28;6;no;f;1;cat 4;0
Region 2;33;28;mar;3;24;0;no;m;6;cat 1;0
Region 3;12;34;unmar;2;44;7;no;f;1;cat 1;0
Region 1;10;31;unmar;0;32;7;no;m;2;cat 2;1
Region 2;69;33;mar;9;52;9;no;m;3;cat 3;0
Region 1;23;20;unmar;1;15;0;no;m;1;cat 2;0
Region 1;53;31;unmar;10;46;6;no;f;2;cat 2;0
Region 2;60;57;mar;14;107;33;no;m;2;cat 3;0
Region 2;33;33;unmar;7;56;11;no;f;1;cat 1;0
Region 3;67;40;mar;21;40;7;no;m;4;cat 4;0
Region 3;15;38;mar;5;56;13;no;f;3;cat 3;0
Region 3;64;31;mar;5;46;7;no;m;4;cat 2;0
Region 2;46;49;mar;13;51;21;no;f;2;cat 1;1
Region 2;72;60;mar;33;12;20;yes;f;3;cat 4;0
Region 1;61;43;mar;6;34;6;no;f;3;cat 4;1
Region 3;54;27;unmar;3;27;6;no;m;5;cat 4;0
Region 3;28;36;unmar;3;42;7;no;m;1;cat 3;0
Region 2;28;38;unmar;8;119;2;no;f;3;cat 4;1
Region 2;32;43;unmar;13;146;27;no;m;1;cat 3;0
Region 2;52;46;unmar;17;51;13;no;m;3;cat 2;0
Region 1;48;62;unmar;33;86;22;yes;m;1;cat 3;0
Region 3;52;42;mar;17;27;8;no;m;2;cat 3;0
Region 1;37;43;unmar;8;38;9;no;f;1;cat 2;0
Region 1;41;52;unmar;26;928;29;no;f;3;cat 3;0
Region 2;43;27;mar;3;21;1;no;m;3;cat 2;0
Region 3;67;60;unmar;24;24;6;no;m;1;cat 3;0
Region 3;61;52;mar;30;91;25;no;m;2;cat 1;0
Region 3;70;39;mar;20;38;8;no;m;4;cat 3;0
Region 3;44;32;mar;1;96;5;no;m;4;cat 4;0
Region 3;46;45;unmar;12;96;17;no;f;1;cat 2;0
Region 3;39;34;unmar;2;54;5;no;f;1;cat 1;0
Region 2;39;59;unmar;20;1668;27;no;m;1;cat 2;0
Region 2;50;29;mar;10;53;0;no;m;4;cat 4;0
Region 3;5;31;unmar;1;21;1;no;m;2;cat 1;1
Region 2;10;34;unmar;1;52;3;no;m;1;cat 2;1
Region 1;72;69;unmar;45;17;36;yes;m;1;cat 2;0
Region 2;68;60;unmar;40;262;39;no;m;1;cat 3;0
Region 3;58;28;unmar;5;34;1;no;m;1;cat 2;0
Region 3;18;44;mar;10;107;19;no;m;7;cat 1;0
Region 1;65;45;mar;25;67;13;no;m;2;cat 3;0
Region 3;8;45;unmar;1;37;0;no;f;1;cat 2;1
Region 2;1;20;unmar;1;21;0;no;m;2;cat 1;1
Region 3;42;58;unmar;7;22;4;no;m;1;cat 2;0
Region 1;4;25;mar;3;71;3;no;m;5;cat 1;0
Region 3;17;35;unmar;4;77;8;no;m;1;cat 3;0
Region 2;8;24;mar;1;18;0;no;m;5;cat 4;1
Region 1;49;37;mar;17;50;12;no;m;2;cat 2;0
Region 1;56;46;mar;21;33;7;no;f;2;cat 2;0
Region 1;62;57;mar;21;94;22;no;f;2;cat 4;0
Region 2;42;57;mar;25;209;40;no;m;4;cat 1;0
Region 1;13;32;unmar;7;31;5;no;f;2;cat 3;0
Region 1;69;46;mar;18;66;19;no;f;4;cat 2;0
Region 2;45;59;unmar;14;51;15;no;f;2;cat 1;0
Region 2;66;42;mar;18;118;20;no;f;2;cat 2;0
Region 2;15;35;unmar;10;25;3;no;f;1;cat 1;1
Region 1;41;44;mar;1;59;21;no;m;3;cat 2;0
Region 2;11;20;unmar;1;20;0;no;m;1;cat 4;1
Region 3;45;30;mar;0;63;4;no;f;4;cat 4;1
Region 1;52;62;unmar;23;36;17;no;f;1;cat 1;0
Region 1;42;56;unmar;24;72;18;no;m;1;cat 4;0
Region 2;48;35;unmar;11;50;16;no;f;3;cat 3;0
Region 3;4;31;unmar;5;39;5;no;f;2;cat 4;1
Region 3;53;64;mar;10;54;20;no;m;2;cat 4;0
Region 3;1;59;unmar;4;9;4;yes;f;1;cat 3;0
Region 3;19;30;mar;10;33;1;no;f;3;cat 4;0
Region 2;33;30;unmar;11;28;9;no;f;1;cat 1;0
Region 3;42;36;mar;14;44;11;no;f;3;cat 3;0
Region 1;60;32;unmar;12;34;4;no;m;2;cat 2;0
Region 2;57;51;mar;7;68;18;no;m;3;cat 3;0
Region 1;64;39;unmar;5;37;9;no;f;1;cat 1;0
Region 2;28;20;mar;1;18;0;no;f;3;cat 4;0
Region 1;29;35;mar;10;55;7;no;f;4;cat 3;1
Region 1;46;31;mar;12;21;5;no;f;5;cat 3;0
Region 1;22;41;mar;9;29;11;no;f;4;cat 1;1
Region 2;10;56;unmar;26;9;6;yes;f;2;cat 1;0
Region 3;50;41;unmar;16;138;18;no;m;1;cat 2;1
Region 1;55;65;unmar;34;28;12;yes;m;1;cat 4;0
Region 2;15;54;unmar;7;62;11;no;f;1;cat 1;0
Region 1;31;32;mar;13;37;8;no;m;3;cat 4;0
Region 3;5;44;unmar;5;83;16;no;m;1;cat 2;1
Region 2;69;63;unmar;28;168;43;no;m;2;cat 3;0
Region 2;26;27;mar;4;33;1;no;f;6;cat 4;1
Region 3;10;33;mar;2;66;9;no;m;4;cat 1;1
Region 1;26;30;unmar;9;18;1;no;f;3;cat 4;1
Region 3;25;30;unmar;0;20;4;no;m;1;cat 3;0
Region 3;30;23;mar;4;19;1;no;f;4;cat 2;0
Region 1;21;39;mar;7;25;1;no;f;4;cat 3;0
Region 1;71;46;unmar;27;119;7;no;m;1;cat 4;0
Region 3;11;48;mar;5;323;25;no;f;4;cat 3;1
Region 1;24;30;mar;7;45;11;no;m;2;cat 1;0
Region 1;65;59;mar;27;197;26;no;f;2;cat 2;0
Region 1;16;34;mar;13;56;10;no;m;3;cat 1;1
Region 3;37;51;mar;26;24;4;no;f;2;cat 2;0
Region 1;5;30;unmar;4;25;6;no;f;1;cat 3;1
Region 1;3;55;mar;9;26;0;no;m;2;cat 2;1
Region 1;5;32;unmar;6;33;3;no;f;2;cat 1;1
Region 1;60;44;mar;4;150;24;no;f;2;cat 4;0
Region 2;19;37;mar;4;99;15;no;m;3;cat 2;1
Region 3;54;40;unmar;19;50;12;no;m;2;cat 4;0
Region 2;25;41;unmar;3;81;20;no;m;4;cat 3;0
Region 2;1;36;unmar;6;21;1;no;f;2;cat 2;1
Region 3;54;68;unmar;7;273;27;no;m;1;cat 1;0
Region 1;14;31;mar;9;39;4;no;m;7;cat 1;0
Region 3;14;28;mar;7;17;3;no;f;4;cat 1;1
Region 2;10;45;mar;8;115;17;no;m;4;cat 2;1
Region 1;7;23;unmar;3;27;1;no;m;3;cat 1;0
Region 2;33;45;unmar;24;35;6;no;f;1;cat 3;1
Region 1;3;23;unmar;2;20;4;no;f;1;cat 1;0
Region 2;56;58;mar;3;92;25;no;f;3;cat 1;0
Region 2;54;56;unmar;8;207;35;no;m;1;cat 3;0
Region 1;72;55;mar;28;40;11;no;f;5;cat 2;0
Region 1;18;29;unmar;4;40;1;no;f;1;cat 3;0
Region 3;25;29;unmar;9;55;1;no;f;1;cat 1;1
Region 1;42;62;unmar;26;26;35;yes;m;1;cat 1;0
Region 3;4;37;unmar;2;41;8;no;f;1;cat 1;0
Region 2;12;50;mar;16;203;25;no;f;2;cat 1;1
Region 2;53;64;mar;17;380;36;no;m;2;cat 3;0
Region 2;13;38;mar;8;104;6;no;f;7;cat 4;1
Region 3;18;31;mar;12;24;4;no;f;4;cat 2;0
Region 3;67;42;mar;20;81;20;no;m;5;cat 4;0
Region 2;6;24;unmar;2;17;1;no;f;1;cat 3;0
Region 1;25;46;unmar;13;45;12;no;m;1;cat 3;0
Region 2;15;39;unmar;19;32;2;no;f;1;cat 2;1
Region 3;32;35;unmar;12;57;5;no;f;1;cat 2;0
Region 2;22;39;unmar;0;63;9;no;f;1;cat 2;1
Region 2;8;22;unmar;3;25;0;no;f;1;cat 3;0
Region 1;3;31;mar;4;22;1;no;f;2;cat 1;1
Region 2;32;54;unmar;6;155;20;no;f;1;cat 1;0
Region 1;49;54;unmar;24;30;5;no;f;1;cat 2;0
Region 2;2;28;unmar;7;46;0;no;m;1;cat 4;0
Region 1;39;47;unmar;1;68;10;no;m;2;cat 2;1
Region 1;42;33;unmar;2;67;5;no;f;2;cat 2;0
Region 1;28;36;unmar;3;69;2;no;f;1;cat 4;0
Region 2;41;46;mar;14;47;11;no;f;5;cat 4;0
Region 3;67;50;mar;31;83;12;no;f;2;cat 2;0
Region 1;38;40;unmar;15;34;11;no;m;1;cat 2;0
Region 2;18;38;unmar;8;45;2;no;m;4;cat 4;1
Region 2;6;42;mar;17;29;2;no;m;2;cat 4;0
Region 2;4;36;unmar;0;21;1;no;m;3;cat 1;0
Region 1;13;23;mar;3;30;0;no;m;4;cat 4;0
Region 1;20;35;unmar;0;78;7;no;f;1;cat 4;1
Region 1;34;49;mar;27;61;15;no;m;2;cat 3;0
Region 1;46;29;mar;4;90;3;no;f;4;cat 4;0
Region 1;48;41;unmar;21;43;7;no;f;1;cat 2;0
Region 3;69;61;mar;12;301;37;no;f;2;cat 3;0
Region 1;32;34;mar;7;32;15;no;f;4;cat 1;0
Region 1;29;29;unmar;9;41;9;no;f;2;cat 2;0
Region 3;55;52;unmar;22;127;28;no;m;3;cat 2;0
Region 3;72;60;mar;36;271;43;no;m;2;cat 3;0
Region 3;29;26;unmar;1;32;2;no;m;1;cat 1;1
Region 2;50;25;mar;1;36;2;no;m;5;cat 4;0
Region 3;35;50;mar;11;293;21;no;f;2;cat 1;1
Region 3;11;63;unmar;9;41;3;no;f;1;cat 1;1
Region 1;9;29;unmar;9;39;5;no;m;1;cat 1;0
Region 2;51;48;unmar;27;58;18;no;f;1;cat 3;1
Region 1;33;34;mar;2;28;3;no;m;3;cat 2;0
Region 1;25;20;unmar;0;15;0;no;f;2;cat 3;0
Region 3;31;34;unmar;9;105;7;no;m;4;cat 3;0
Region 2;67;40;mar;10;80;8;no;m;2;cat 4;0
Region 3;55;45;unmar;8;36;9;no;f;3;cat 3;0
Region 3;19;50;unmar;7;112;3;no;m;1;cat 4;0
Region 1;39;34;mar;11;55;10;no;m;4;cat 4;0
Region 2;52;35;mar;8;40;1;no;f;2;cat 3;0
Region 3;55;37;mar;15;23;0;no;m;5;cat 3;0
Region 2;25;62;unmar;27;28;33;yes;m;1;cat 4;1
Region 3;33;58;unmar;12;21;23;yes;m;1;cat 1;0
Region 2;48;35;unmar;5;63;12;no;f;2;cat 3;1
Region 2;48;31;mar;12;52;3;no;f;3;cat 4;0
Region 2;49;57;unmar;3;189;31;no;m;3;cat 1;0
Region 3;54;32;mar;0;50;15;no;f;3;cat 3;1
Region 1;45;32;mar;9;23;15;no;f;4;cat 1;0
Region 3;4;37;mar;1;33;15;no;m;5;cat 1;1
Region 3;49;27;mar;3;29;6;no;m;3;cat 2;1
Region 2;23;35;unmar;2;96;4;no;f;1;cat 4;1
Region 2;31;44;unmar;23;80;15;no;f;1;cat 2;1
Region 2;55;44;mar;2;68;15;no;f;5;cat 3;0
Region 1;9;28;unmar;7;30;4;no;m;6;cat 1;0
Region 2;55;57;mar;25;34;12;no;f;3;cat 1;0
Region 1;34;30;unmar;3;35;2;no;m;3;cat 3;0
Region 1;10;23;unmar;4;36;1;no;f;3;cat 3;0
Region 2;62;76;unmar;20;35;18;yes;m;1;cat 2;0
Region 2;51;36;unmar;13;62;9;no;f;2;cat 4;0
Region 1;65;48;unmar;28;94;25;no;f;1;cat 2;0
Region 3;53;33;unmar;1;60;6;no;f;2;cat 4;0
Region 1;23;35;unmar;4;118;11;no;f;1;cat 1;1
Region 3;1;30;unmar;3;135;3;no;f;3;cat 1;1
Region 3;66;55;unmar;20;80;24;no;m;1;cat 3;0
Region 3;8;27;mar;0;21;3;no;m;2;cat 2;0
Region 3;18;28;mar;3;22;2;no;m;5;cat 1;0
Region 3;36;32;mar;3;63;7;no;f;4;cat 2;0
Region 1;13;40;unmar;16;142;18;no;m;1;cat 1;1
Region 3;4;44;unmar;15;32;0;no;m;1;cat 3;1
Region 3;20;32;unmar;10;19;5;no;f;1;cat 2;0
Region 1;66;39;mar;12;60;10;no;f;3;cat 4;0
Region 3;67;47;mar;7;97;23;no;f;4;cat 3;0
Region 1;11;24;mar;0;31;3;no;m;4;cat 4;1
Region 1;6;26;unmar;7;30;1;no;m;2;cat 1;1
Region 2;13;23;mar;4;31;5;no;m;4;cat 1;0
Region 2;2;29;mar;3;44;9;no;m;6;cat 4;1
Region 1;4;40;unmar;12;38;5;no;f;1;cat 1;0
Region 1;34;63;mar;10;23;0;no;m;2;cat 4;0
Region 1;13;34;mar;6;37;6;no;f;4;cat 3;0
Region 2;37;40;mar;14;26;0;no;f;5;cat 2;0
Region 1;45;30;mar;8;38;5;no;f;6;cat 3;0
Region 2;71;70;unmar;30;153;34;yes;m;1;cat 3;0
Region 1;35;40;unmar;5;49;20;no;m;1;cat 1;0
Region 3;44;41;unmar;21;51;7;no;f;1;cat 1;0
Region 3;44;45;mar;19;88;21;no;f;2;cat 3;0
Region 1;26;41;mar;20;19;0;no;m;6;cat 1;0
Region 2;42;46;mar;9;31;12;no;m;3;cat 1;0
Region 2;41;47;mar;6;90;19;no;f;3;cat 1;1
Region 1;31;24;mar;3;14;0;no;f;4;cat 1;0
Region 3;62;63;unmar;43;341;30;no;f;1;cat 3;1
Region 1;12;23;mar;2;24;0;no;m;8;cat 4;0
Region 2;45;49;mar;27;81;7;no;m;4;cat 3;0
Region 1;47;34;mar;4;63;13;no;m;4;cat 1;0
Region 2;23;22;mar;1;27;4;no;f;5;cat 3;0
Region 3;39;34;unmar;4;20;3;no;m;1;cat 4;0
Region 2;19;26;unmar;2;48;0;no;f;2;cat 3;0
Region 1;13;54;unmar;12;121;23;no;f;1;cat 3;0
Region 2;5;33;unmar;6;39;4;no;f;3;cat 4;1
Region 2;11;19;unmar;0;21;0;no;f;1;cat 1;1
Region 3;4;32;unmar;2;53;5;no;f;1;cat 1;1
Region 3;17;42;unmar;8;58;23;no;f;1;cat 2;1
Region 2;7;27;unmar;3;39;2;no;f;1;cat 1;1
Region 1;19;65;unmar;3;108;33;no;f;3;cat 3;0
Region 2;32;34;mar;0;38;10;no;f;4;cat 2;0
Region 2;53;51;unmar;31;245;0;no;f;1;cat 2;0
Region 1;51;38;unmar;19;51;18;no;m;1;cat 3;0
Region 1;35;34;unmar;7;78;10;no;m;1;cat 1;0
Region 1;3;31;mar;4;23;4;no;f;5;cat 4;1
Region 1;22;48;unmar;7;88;12;no;f;1;cat 1;1
Region 3;17;21;mar;0;25;1;no;m;3;cat 3;0
Region 2;68;39;unmar;20;73;16;no;m;1;cat 2;0
Region 2;27;41;mar;7;62;15;no;m;2;cat 3;0
Region 3;68;52;mar;8;456;30;no;m;4;cat 3;0
Region 3;56;42;mar;10;24;5;no;f;2;cat 3;0
Region 3;11;32;unmar;8;23;0;no;m;1;cat 1;0
Region 3;5;47;unmar;7;46;6;no;m;1;cat 1;1
Region 3;16;50;unmar;5;263;29;no;m;3;cat 3;0
Region 2;59;30;unmar;2;34;2;no;m;1;cat 2;0
Region 1;60;64;unmar;14;33;13;yes;f;1;cat 4;0
Region 3;55;47;unmar;11;37;11;no;f;1;cat 3;0
Region 1;18;56;unmar;22;296;25;no;f;1;cat 1;0
Region 2;16;22;unmar;0;26;0;no;m;3;cat 2;1
Region 1;35;57;mar;32;47;12;no;f;2;cat 2;0
Region 3;31;23;mar;1;31;1;no;m;2;cat 4;1
Region 2;20;49;mar;5;264;29;no;m;2;cat 1;0
Region 2;16;27;unmar;5;41;2;no;m;1;cat 4;1
Region 2;69;48;mar;27;55;4;no;f;2;cat 3;0
Region 3;69;66;mar;31;49;15;no;f;2;cat 1;0
Region 2;27;24;mar;3;26;7;no;m;4;cat 1;1
Region 3;48;39;unmar;20;110;9;no;f;1;cat 3;0
Region 1;18;52;mar;20;66;19;no;m;2;cat 1;0
Region 2;24;40;mar;4;39;5;no;m;2;cat 3;0
Region 2;17;42;unmar;6;31;2;no;f;1;cat 4;1
Region 2;9;24;mar;3;26;1;no;m;3;cat 1;0
Region 2;15;46;unmar;5;232;15;no;m;2;cat 4;1
Region 1;62;37;mar;10;43;1;no;m;3;cat 2;0
Region 1;9;41;unmar;12;39;3;no;f;1;cat 1;1
Region 2;71;41;mar;10;73;23;no;m;2;cat 3;0
Region 2;62;59;mar;37;74;20;no;f;2;cat 3;0
Region 2;20;38;unmar;19;237;13;no;f;1;cat 4;0
Region 1;19;33;mar;11;22;3;no;f;5;cat 3;0
Region 2;49;61;mar;28;21;8;no;f;2;cat 3;0
Region 3;3;64;unmar;3;9;6;yes;f;1;cat 1;1
Region 1;33;36;unmar;2;41;10;no;f;1;cat 1;1
Region 2;38;44;unmar;1;50;7;no;m;1;cat 2;1
Region 3;42;48;mar;14;27;5;no;m;3;cat 4;0
Region 1;11;26;unmar;2;53;3;no;f;1;cat 4;1
Region 3;27;28;mar;0;58;0;no;f;2;cat 3;0
Region 3;23;50;unmar;1;151;8;no;m;1;cat 1;0
Region 2;4;38;mar;13;54;4;no;f;2;cat 3;0
Region 3;36;42;unmar;5;31;4;no;m;1;cat 1;1
Region 2;37;42;unmar;10;115;22;no;m;1;cat 3;0
Region 3;24;58;mar;30;24;5;no;f;2;cat 1;0
Region 3;4;24;unmar;1;17;2;no;f;3;cat 1;1
Region 3;54;33;unmar;5;47;13;no;m;2;cat 3;0
Region 3;7;49;unmar;8;36;0;no;m;1;cat 3;1
Region 1;10;28;unmar;9;75;1;no;f;1;cat 4;1
Region 3;24;35;mar;10;41;6;no;m;2;cat 2;0
Region 3;12;31;unmar;8;18;4;no;f;1;cat 1;1
Region 2;45;54;unmar;25;171;33;no;m;1;cat 3;0
Region 3;59;55;mar;29;42;21;no;m;2;cat 2;0
Region 1;3;21;mar;1;36;0;no;m;4;cat 1;0
Region 3;8;35;unmar;6;31;7;no;f;1;cat 4;1
Region 1;16;59;unmar;5;207;37;no;m;2;cat 4;0
Region 3;32;33;unmar;1;38;12;no;m;1;cat 1;0
Region 1;8;49;unmar;14;134;9;no;m;1;cat 4;1
Region 1;9;28;mar;8;28;4;no;f;3;cat 2;1
Region 2;12;19;mar;0;15;0;no;m;4;cat 2;0
Region 2;24;43;mar;15;48;4;no;f;6;cat 4;0
Region 3;72;75;unmar;48;14;6;yes;m;1;cat 2;0
Region 3;58;61;unmar;42;101;18;no;m;1;cat 2;0
Region 1;70;44;mar;24;87;18;no;f;3;cat 3;0
Region 3;9;25;unmar;3;27;4;no;m;1;cat 1;1
Region 1;49;25;unmar;1;27;0;no;m;1;cat 2;0
Region 3;52;54;unmar;7;59;22;no;f;1;cat 3;0
Region 1;10;42;mar;10;294;9;no;m;6;cat 4;1
Region 1;14;52;mar;2;44;5;no;f;2;cat 3;0
Region 1;19;27;mar;3;35;4;no;f;6;cat 4;0
Region 3;12;36;mar;4;205;10;no;m;4;cat 2;1
Region 1;65;59;unmar;27;732;31;no;m;1;cat 2;0
Region 1;67;40;mar;14;59;11;no;f;2;cat 3;0
Region 2;29;24;mar;3;23;7;no;f;2;cat 3;0
Region 3;55;46;unmar;8;87;19;no;m;1;cat 1;0
Region 3;71;67;mar;25;110;23;no;m;2;cat 3;0
Region 3;5;44;mar;2;83;14;no;m;3;cat 3;1
Region 3;60;58;unmar;0;63;21;no;m;3;cat 2;0
Region 2;10;40;unmar;6;22;6;no;m;1;cat 1;1
Region 3;52;64;unmar;44;43;7;no;f;1;cat 4;0
Region 2;61;43;mar;22;35;11;no;f;3;cat 2;0
Region 1;61;29;mar;5;48;11;no;f;4;cat 2;0
Region 2;67;47;mar;19;69;12;no;f;3;cat 3;0
Region 3;41;42;mar;12;26;5;no;f;4;cat 2;0
Region 1;30;28;unmar;1;20;8;no;m;1;cat 1;1
Region 1;24;46;unmar;12;43;6;no;f;1;cat 4;0
Region 1;72;75;unmar;37;33;44;yes;m;1;cat 2;0
Region 2;17;35;unmar;7;66;11;no;f;1;cat 4;1
Region 2;65;72;unmar;46;12;0;yes;f;1;cat 3;0
Region 1;15;30;mar;8;90;11;no;f;5;cat 4;0
Region 1;34;33;unmar;8;35;2;no;m;1;cat 2;1
Region 1;26;43;unmar;23;51;4;no;m;1;cat 2;1
Region 2;36;45;unmar;22;117;15;no;m;1;cat 2;0
Region 1;60;48;unmar;29;100;26;no;m;1;cat 3;0
Region 1;16;54;unmar;20;147;29;no;f;4;cat 3;0
Region 2;1;33;unmar;5;53;6;no;m;1;cat 1;1
Region 3;56;30;mar;9;57;2;no;f;4;cat 2;0
Region 2;6;50;unmar;5;37;0;no;f;1;cat 2;0
Region 2;48;34;unmar;7;42;2;no;m;1;cat 2;0
Region 2;34;36;mar;17;50;4;no;f;2;cat 3;0
Region 2;54;42;mar;0;55;2;no;f;5;cat 4;1
Region 3;38;31;mar;2;42;7;no;m;4;cat 4;0
Region 2;25;55;unmar;15;37;7;no;m;1;cat 1;1
Region 1;47;69;mar;17;228;39;no;m;4;cat 4;1
Region 1;72;62;mar;35;163;31;no;f;2;cat 4;0
Region 2;6;35;mar;6;28;3;no;m;3;cat 4;0
Region 1;30;51;mar;9;118;21;no;m;2;cat 1;0
Region 1;65;70;mar;9;115;39;yes;m;2;cat 4;0
Region 1;22;44;mar;19;37;1;no;f;2;cat 3;0
Region 1;60;53;unmar;32;93;28;no;f;1;cat 3;0
Region 2;19;32;unmar;12;71;5;no;m;1;cat 4;1
Region 3;18;25;unmar;4;26;7;no;m;3;cat 1;0
Region 1;9;37;mar;10;14;5;no;m;6;cat 1;1
Region 1;1;34;mar;6;18;0;no;m;2;cat 1;1
Region 3;10;28;mar;2;36;0;no;m;3;cat 4;0
Region 3;45;34;mar;14;43;0;no;f;4;cat 2;1
Region 1;25;28;mar;6;41;4;no;m;4;cat 3;1
Region 3;66;39;unmar;1;66;15;no;m;1;cat 2;0
Region 1;27;67;unmar;1;33;19;yes;m;1;cat 3;1
Region 1;19;41;unmar;5;53;6;no;f;1;cat 1;0
Region 2;17;41;mar;9;28;3;no;f;6;cat 1;0
Region 2;16;36;unmar;13;58;4;no;f;1;cat 1;0
Region 1;8;42;mar;2;129;17;no;m;3;cat 1;0
Region 1;3;25;unmar;0;65;0;no;m;1;cat 4;1
Region 3;59;57;unmar;26;311;36;no;m;1;cat 1;0
Region 2;45;37;unmar;2;57;14;no;m;1;cat 2;0
Region 1;66;62;unmar;31;47;4;no;m;1;cat 2;0
Region 3;28;50;mar;7;25;3;no;f;2;cat 1;0
Region 1;15;38;mar;11;46;11;no;f;3;cat 1;1
Region 3;39;34;mar;10;51;13;no;m;4;cat 4;0
Region 3;38;33;unmar;4;19;5;no;m;2;cat 3;0
Region 3;34;29;unmar;5;26;4;no;m;2;cat 2;0
Region 3;60;57;mar;18;72;30;yes;f;2;cat 4;0
Region 3;72;65;mar;33;71;41;yes;m;4;cat 3;0
Region 1;42;42;mar;9;41;13;no;f;8;cat 3;0
Region 3;32;37;unmar;9;44;7;no;f;1;cat 1;0
Region 3;48;50;mar;4;208;19;no;m;2;cat 4;1
Region 3;63;37;mar;1;45;9;no;m;6;cat 2;0
Region 3;45;27;mar;3;39;2;no;f;4;cat 2;0
Region 2;68;42;unmar;16;89;12;no;f;1;cat 2;0
Region 1;6;29;mar;4;19;5;no;m;2;cat 1;0
Region 1;68;57;mar;33;15;0;no;m;2;cat 4;1
Region 3;72;68;mar;26;59;36;yes;m;2;cat 4;0
Region 3;53;38;mar;15;20;6;no;m;4;cat 2;0
Region 3;20;51;mar;11;27;6;no;f;3;cat 3;0
Region 2;70;35;mar;4;48;9;no;f;3;cat 2;0
Region 3;32;47;unmar;25;135;6;no;m;1;cat 1;0
Region 2;61;52;mar;23;19;0;no;f;2;cat 3;1
Region 1;24;25;mar;3;28;0;no;f;3;cat 2;0
Region 2;56;61;mar;14;12;16;yes;m;2;cat 1;0
Region 3;54;59;unmar;28;28;15;no;f;1;cat 2;0
Region 3;43;38;mar;7;18;8;no;m;3;cat 4;0
Region 1;19;35;unmar;7;58;5;no;m;1;cat 4;1
Region 3;5;43;unmar;16;72;17;no;m;1;cat 3;0
Region 1;24;61;mar;6;112;3;no;m;4;cat 1;1
Region 3;62;35;mar;2;28;8;no;m;2;cat 2;0
Region 2;14;40;unmar;13;398;11;no;m;1;cat 4;1
Region 3;60;48;mar;22;106;21;no;m;3;cat 4;0
Region 2;30;74;mar;12;10;3;yes;m;2;cat 3;0
Region 1;40;42;mar;16;108;17;no;f;4;cat 2;1
Region 2;42;50;mar;17;85;15;no;m;4;cat 1;0
Region 1;20;34;unmar;14;51;9;no;m;1;cat 2;1
Region 1;4;22;mar;1;22;2;no;m;3;cat 3;0
Region 2;44;49;mar;2;66;8;no;m;4;cat 4;0
Region 3;49;63;unmar;18;10;2;yes;f;1;cat 3;0
Region 3;5;36;mar;2;34;4;no;m;2;cat 3;1
Region 3;70;50;mar;29;67;22;no;f;4;cat 2;0
Region 1;30;57;mar;16;19;1;no;f;4;cat 1;1
Region 2;28;48;unmar;20;128;4;no;m;1;cat 4;1
Region 1;5;28;mar;3;39;1;no;f;6;cat 4;0
Region 2;27;35;unmar;12;56;3;no;m;1;cat 4;0
Region 2;17;39;unmar;12;45;10;no;m;1;cat 1;1
Region 1;4;37;mar;8;25;1;no;m;5;cat 1;0
Region 1;30;23;mar;0;24;1;no;m;4;cat 3;0
Region 3;71;40;mar;19;53;14;no;m;2;cat 4;0
Region 3;67;77;unmar;55;49;45;yes;m;1;cat 1;0
Region 3;24;48;mar;3;38;16;no;m;2;cat 1;0
Region 1;24;54;mar;7;84;10;no;m;2;cat 1;1
Region 2;59;54;unmar;32;126;22;no;m;1;cat 3;0
Region 3;59;32;unmar;9;73;5;no;f;1;cat 2;1
Region 3;44;37;mar;1;41;8;no;m;6;cat 2;0
Region 1;19;31;mar;0;22;2;no;f;3;cat 2;1
Region 2;58;46;mar;23;23;2;no;m;2;cat 1;0
Region 1;41;53;mar;22;94;25;no;f;2;cat 2;0
Region 2;16;33;unmar;1;30;7;no;f;4;cat 3;1
Region 3;13;36;unmar;11;31;0;no;f;1;cat 1;1
Region 1;60;53;unmar;22;171;37;no;m;1;cat 3;0
Region 2;72;49;mar;23;102;27;no;m;6;cat 2;0
Region 2;33;39;unmar;17;27;3;no;m;1;cat 4;0
Region 2;72;45;mar;25;98;20;no;m;2;cat 4;0
Region 1;66;54;mar;8;591;25;no;m;2;cat 4;0
Region 3;53;37;mar;7;25;2;no;m;6;cat 3;0
Region 2;22;28;mar;0;36;0;no;f;4;cat 4;0
Region 2;14;26;mar;1;25;0;no;m;3;cat 3;0
Region 1;52;49;unmar;18;69;13;no;m;2;cat 3;0
Region 3;33;30;mar;5;22;0;no;f;2;cat 3;0
Region 3;72;66;unmar;26;67;37;yes;m;1;cat 3;0
Region 1;40;40;mar;3;73;12;no;m;4;cat 3;1
Region 2;29;26;unmar;1;22;2;no;m;1;cat 4;1
Region 3;63;67;unmar;22;9;12;yes;f;1;cat 3;0
Region 2;56;54;unmar;25;147;31;no;m;1;cat 2;0
Region 3;60;50;mar;26;239;19;no;m;2;cat 4;0
Region 3;28;22;mar;3;23;1;no;f;5;cat 1;0
Region 2;39;39;unmar;19;29;6;no;f;1;cat 2;0
Region 3;65;39;mar;18;32;15;no;f;4;cat 3;0
Region 3;29;31;unmar;7;30;7;no;m;1;cat 3;0
Region 3;28;36;unmar;8;57;13;no;m;2;cat 3;0
Region 1;2;18;unmar;0;20;0;no;f;1;cat 3;1
Region 3;67;52;unmar;13;248;20;no;m;3;cat 3;0
Region 3;5;35;mar;9;59;8;no;m;5;cat 4;0
Region 3;48;35;unmar;10;24;6;no;f;1;cat 3;0
Region 2;10;26;mar;4;25;4;no;m;3;cat 1;0
Region 2;17;28;unmar;3;37;2;no;m;1;cat 3;1
Region 1;21;24;mar;0;30;0;no;m;5;cat 4;0
Region 2;25;51;unmar;9;66;13;no;f;2;cat 4;0
Region 3;44;31;unmar;8;16;3;no;f;1;cat 1;1
Region 2;59;49;unmar;28;429;23;no;m;2;cat 4;1
Region 2;11;26;unmar;7;20;4;no;f;1;cat 1;0
Region 2;50;68;mar;32;262;28;no;f;2;cat 3;0
Region 3;23;25;mar;2;28;1;no;m;5;cat 2;0
Region 1;17;19;unmar;0;18;0;no;m;2;cat 2;1
Region 1;15;62;mar;3;144;21;no;f;2;cat 3;0
Region 2;68;57;mar;38;33;9;no;m;2;cat 2;0
Region 1;69;42;mar;23;19;0;no;m;2;cat 1;0
Region 1;30;24;mar;3;30;7;no;m;5;cat 1;1
Region 3;22;30;unmar;8;41;8;no;f;1;cat 3;0
Region 2;10;20;mar;1;20;0;no;m;4;cat 1;1
Region 1;72;59;mar;12;65;21;no;m;6;cat 2;0
Region 2;34;24;mar;5;17;0;no;m;2;cat 3;0
Region 2;43;49;mar;18;66;22;no;f;4;cat 3;0
Region 3;31;37;mar;15;18;5;no;f;3;cat 4;0
Region 2;6;27;mar;5;26;2;no;f;5;cat 1;1
Region 2;48;42;unmar;21;46;4;no;f;1;cat 3;0
Region 2;50;25;unmar;6;19;5;no;f;3;cat 1;0
Region 3;20;41;mar;19;58;6;no;m;2;cat 2;0
Region 3;61;73;unmar;10;25;21;yes;f;1;cat 1;0
Region 2;6;21;unmar;0;15;1;no;m;1;cat 1;0
Region 2;1;22;unmar;2;35;2;no;f;1;cat 1;1
Region 1;21;43;unmar;13;41;1;no;m;1;cat 4;1
Region 3;7;32;unmar;1;71;3;no;f;2;cat 4;0
Region 3;65;56;mar;19;608;34;no;m;2;cat 4;0
Region 1;64;37;unmar;10;44;9;no;m;1;cat 2;0
Region 3;4;30;unmar;0;41;0;no;f;2;cat 3;1
Region 1;67;45;mar;22;83;11;no;m;2;cat 2;0
Region 2;22;35;unmar;12;28;3;no;f;2;cat 2;1
Region 3;51;37;mar;17;101;10;no;m;2;cat 3;0
Region 1;50;28;unmar;6;28;10;no;m;1;cat 3;0
Region 1;31;47;mar;18;35;0;no;f;2;cat 1;0
Region 3;4;28;unmar;0;39;3;no;m;1;cat 3;1
Region 3;60;56;unmar;19;51;11;no;f;1;cat 4;0
Region 3;7;31;mar;12;31;7;no;m;6;cat 1;1
Region 3;20;40;unmar;2;209;15;no;m;1;cat 2;0
Region 2;19;23;mar;4;37;1;no;m;4;cat 3;1
Region 3;58;37;mar;5;64;8;no;m;2;cat 4;1
Region 3;65;64;unmar;20;88;26;no;m;1;cat 4;1
Region 3;72;61;mar;34;61;8;no;f;3;cat 2;0
Region 3;8;42;unmar;3;66;10;no;f;1;cat 4;0
Region 2;33;40;mar;14;19;5;no;f;2;cat 1;0
Region 3;18;34;mar;4;42;14;no;m;5;cat 4;0
Region 2;24;31;mar;6;41;13;no;f;5;cat 3;0
Region 3;70;36;unmar;8;50;15;no;m;1;cat 2;0
Region 1;7;38;unmar;4;70;4;no;f;1;cat 4;1
Region 3;70;59;unmar;27;85;19;no;m;1;cat 3;0
Region 2;20;48;mar;21;45;2;no;m;2;cat 3;1
Region 3;54;32;mar;12;27;9;no;f;2;cat 2;0
Region 3;36;48;unmar;28;29;2;no;f;1;cat 1;0
Region 3;71;53;mar;29;48;0;no;m;2;cat 3;0
Region 1;17;41;unmar;4;32;3;no;f;1;cat 3;0
Region 1;18;45;mar;17;43;9;no;f;3;cat 3;0
Region 1;16;27;unmar;8;16;0;no;m;1;cat 4;1
Region 3;38;30;mar;6;22;3;no;m;2;cat 2;0
Region 1;52;45;mar;19;40;9;no;m;3;cat 4;0
Region 1;46;48;mar;12;256;25;no;f;6;cat 4;0
Region 2;31;46;unmar;23;144;13;no;f;1;cat 3;0
Region 2;23;31;unmar;10;45;0;no;f;2;cat 2;0
Region 2;38;56;mar;34;34;0;no;m;3;cat 3;0
Region 2;50;54;unmar;15;248;28;no;m;1;cat 3;0
Region 2;16;49;unmar;17;41;5;no;f;1;cat 4;0
Region 2;14;34;mar;4;27;1;no;m;2;cat 4;0
Region 2;30;52;unmar;23;17;3;no;m;1;cat 2;1
Region 3;22;47;mar;0;44;11;no;m;3;cat 4;1
Region 1;38;55;mar;12;135;24;no;f;4;cat 4;0
Region 3;59;26;mar;3;41;1;no;m;3;cat 2;1
Region 2;54;55;unmar;1;587;33;no;f;1;cat 3;0
Region 3;9;40;unmar;13;38;7;no;m;1;cat 4;1
Region 1;67;67;mar;38;49;10;no;m;2;cat 2;0
Region 2;24;44;unmar;19;33;0;no;m;2;cat 1;0
Region 2;12;55;mar;13;36;5;no;m;2;cat 2;1
Region 1;26;47;unmar;13;54;0;no;f;1;cat 2;0
Region 2;3;32;unmar;4;58;11;no;f;4;cat 4;1
Region 2;20;46;unmar;2;23;4;no;m;2;cat 4;0
Region 3;5;52;mar;0;97;9;no;f;2;cat 4;1
Region 3;58;53;unmar;19;207;12;no;m;1;cat 4;1
Region 1;54;28;mar;2;21;3;no;f;4;cat 1;0
Region 2;52;39;unmar;6;119;18;no;m;1;cat 1;0
Region 2;38;30;mar;10;25;5;no;m;4;cat 1;0
Region 2;19;46;unmar;5;59;17;no;f;1;cat 1;0
Region 2;22;33;mar;2;24;3;no;f;4;cat 1;0
Region 1;49;35;mar;15;113;4;no;f;5;cat 2;0
Region 3;5;39;unmar;0;22;0;no;m;2;cat 3;0
Region 2;18;69;unmar;28;11;17;yes;f;1;cat 1;0
Region 3;43;29;unmar;4;33;13;no;m;4;cat 3;0
Region 3;17;50;unmar;2;205;19;no;f;1;cat 4;1
Region 2;37;33;unmar;4;41;8;no;m;3;cat 2;1
Region 2;8;39;unmar;0;39;7;no;m;1;cat 1;0
Region 2;51;46;mar;8;107;21;no;m;6;cat 3;0
Region 1;71;55;mar;11;198;31;no;m;3;cat 3;0
Region 1;56;53;mar;23;100;14;no;m;2;cat 2;0
Region 3;70;68;unmar;21;1131;45;no;f;1;cat 3;0
Region 1;62;53;unmar;14;360;26;no;m;2;cat 3;0
Region 1;50;52;mar;22;162;27;no;m;2;cat 4;0
Region 3;1;31;unmar;3;29;2;no;m;3;cat 1;1
Region 3;15;26;unmar;1;38;1;no;f;2;cat 4;1
Region 3;72;55;mar;24;82;25;no;m;2;cat 2;0
Region 2;69;47;mar;10;159;24;no;f;4;cat 3;1
Region 2;32;44;unmar;10;201;24;no;f;1;cat 3;0
Region 1;19;25;mar;6;27;0;no;m;2;cat 3;1
Region 2;42;54;unmar;19;57;10;no;m;1;cat 4;0
Region 3;51;49;unmar;29;45;16;no;f;1;cat 1;0
Region 2;32;22;mar;2;17;2;no;m;4;cat 3;1
Region 3;26;55;mar;13;61;26;no;f;2;cat 3;0
Region 2;39;44;mar;14;418;18;no;f;2;cat 4;0
Region 2;72;53;unmar;12;152;32;no;m;1;cat 4;0
Region 2;4;39;unmar;11;38;1;no;f;2;cat 4;1
Region 2;54;50;mar;5;151;20;no;f;3;cat 3;0
Region 1;34;40;mar;21;23;9;no;m;3;cat 4;0
Region 1;20;25;mar;4;33;0;no;m;3;cat 1;0
Region 3;14;49;unmar;4;26;8;no;f;1;cat 1;0
Region 1;61;59;unmar;26;89;40;yes;m;1;cat 3;0
Region 2;4;24;unmar;2;25;0;no;f;1;cat 1;1
Region 3;16;48;unmar;25;59;13;no;f;2;cat 3;1
Region 1;13;41;unmar;9;55;12;no;m;3;cat 1;0
Region 2;53;37;mar;18;25;6;no;m;2;cat 2;1
Region 2;58;36;mar;13;39;8;no;m;7;cat 4;1
Region 2;25;38;mar;19;56;19;no;m;2;cat 3;0
Region 1;71;61;mar;19;155;30;no;f;2;cat 3;0
Region 1;22;33;mar;13;119;0;no;m;4;cat 4;1
Region 1;46;48;mar;15;64;20;no;f;2;cat 3;0
Region 3;66;50;mar;2;333;24;no;f;2;cat 2;0
Region 1;69;58;mar;29;26;7;no;m;3;cat 4;0
Region 2;38;49;mar;3;33;11;no;f;4;cat 2;0
Region 3;16;35;unmar;7;46;3;no;f;1;cat 1;0
Region 3;44;39;mar;8;41;8;no;f;4;cat 4;0
Region 1;50;50;unmar;24;31;8;no;f;1;cat 3;0
Region 3;10;23;unmar;1;29;0;no;m;1;cat 4;0
Region 2;7;41;unmar;6;94;16;no;f;1;cat 4;0
Region 3;71;48;unmar;25;288;19;no;f;1;cat 1;0
Region 3;16;39;mar;5;31;4;no;m;5;cat 1;0
Region 3;6;20;unmar;0;25;0;no;m;2;cat 3;0
Region 2;46;55;unmar;24;269;35;no;f;1;cat 3;0
Region 3;51;49;mar;13;203;27;no;f;4;cat 3;0
Region 3;5;34;unmar;12;22;2;no;f;2;cat 1;1
Region 2;49;54;mar;23;25;1;no;m;4;cat 1;0
Region 3;49;51;mar;14;222;16;no;f;2;cat 2;0
Region 1;26;30;mar;4;76;7;no;f;2;cat 1;0
Region 3;22;39;unmar;4;55;17;no;m;1;cat 4;1
Region 3;51;45;mar;4;46;6;no;f;2;cat 4;0
Region 1;19;27;mar;7;56;1;no;f;4;cat 4;1
Region 1;9;36;unmar;1;79;11;no;m;5;cat 3;1
Region 3;15;25;mar;0;51;2;no;m;2;cat 1;0
Region 2;57;63;unmar;19;61;27;no;f;1;cat 3;0
Region 3;48;45;unmar;15;41;10;no;m;2;cat 1;0
Region 2;9;53;mar;20;50;13;no;m;2;cat 1;1
Region 1;61;52;unmar;21;82;18;no;f;1;cat 3;0
Region 3;72;53;unmar;34;108;23;no;f;1;cat 3;0
Region 3;57;60;unmar;20;14;27;yes;m;1;cat 3;0
Region 2;57;51;unmar;10;46;13;no;f;1;cat 2;0
Region 1;37;60;mar;0;46;20;no;f;3;cat 3;0
Region 3;45;51;unmar;13;146;16;no;f;2;cat 1;0
Region 3;45;39;mar;15;36;11;no;m;5;cat 1;0
Region 2;55;44;unmar;24;83;23;no;m;1;cat 3;0
Region 2;24;27;unmar;2;17;3;no;f;5;cat 2;1
Region 3;1;20;unmar;1;18;0;no;f;1;cat 1;1
Region 2;34;23;mar;3;24;7;no;m;4;cat 3;0
Region 3;14;37;mar;5;48;1;no;m;4;cat 1;0
Region 3;6;32;unmar;10;47;10;no;f;1;cat 3;0
Region 3;24;30;unmar;0;25;5;no;f;2;cat 4;1
Region 2;3;26;mar;6;59;0;no;m;3;cat 4;1
Region 1;4;30;unmar;1;45;6;no;f;3;cat 4;1
Region 1;72;40;mar;19;163;15;no;f;2;cat 2;0
Region 1;44;56;unmar;4;63;6;no;m;1;cat 3;1
Region 1;50;43;unmar;6;27;4;no;f;1;cat 3;0
Region 2;61;50;mar;16;190;22;no;m;2;cat 2;0
Region 1;34;52;mar;2;106;19;no;f;2;cat 3;0
Region 3;26;54;mar;30;26;1;no;m;2;cat 4;1
Region 1;15;46;mar;17;63;1;no;f;2;cat 4;1
Region 3;10;39;unmar;0;27;0;no;m;3;cat 1;0
Region 1;7;34;unmar;2;22;5;no;m;1;cat 1;0
Region 3;67;59;unmar;40;944;33;no;m;1;cat 4;0
Region 3;70;49;unmar;18;87;22;no;m;1;cat 3;0
Region 3;50;36;mar;7;39;3;no;m;3;cat 2;1